gates_id_pre_sanitize,source_id,component_id,centroid_local_xy,centroid_source_xy,longitude,latitude,nearest_named_location,nearest_location_dist_px,country_sea_region_guess,area,vertex_count,rectangularity,neighbor_count,source_terrain_id,source_continent_id,source_is_water,source_ring_vertex_count,screenshot_filename,proposed_action,evidence,confidence,owner_ruling,review_bucket,previous_generic_reason,owner_review_status
e3_0085,85,L000,"[1009.56, 2893.33]","[8085.56, 3035.33]",-16.1036,24.9992,Gibraltar,0.9,other,86.0,9,0.86,2,8,2,False,9,contact_other.png,keep_as_legitimate_land,"No proven defect; nearest Gibraltar 0.9px lon/lat -16.1036,24.9992",medium,pending,restore_legitimate,"No proven defect; nearest Gibraltar 0.9px lon/lat -16.1036,24.9992",proposed
e3_0181,181,L000,"[1875.29, 2401.43]","[8951.29, 2543.43]",1.445,34.7229,San Marino,1.9,other,49.0,14,0.5444,4,5,2,False,14,contact_other.png,keep_as_legitimate_land,"No proven defect; nearest San Marino 1.9px lon/lat 1.445,34.7229",medium,pending,restore_legitimate,"No proven defect; nearest San Marino 1.9px lon/lat 1.445,34.7229",proposed
e3_1736,3218,L000,"[2527.4, 2761.8]","[9603.4, 2903.8]",14.6635,27.5993,Mesta,10.6,other,1120.0,5,0.9697,2,5,2,False,5,contact_other.png,keep_as_legitimate_land,"No proven defect; nearest Mesta 10.6px lon/lat 14.6635,27.5993",medium,pending,restore_legitimate,"No proven defect; nearest Mesta 10.6px lon/lat 14.6635,27.5993",proposed
e3_2830,10920,L000,"[4208.79, 1747.36]","[11284.79, 1889.36]",48.7458,47.6521,Kartaly,23.2,eastern_boundary_caspian,8739.0,229,0.4729,1,4,1,False,229,contact_eastern_boundary_caspian.png,exclude_as_crop_spill,"Eastern detached land local_x=4209/4306 neighbors=1; lon/lat 48.7458,47.6521; nearest Kartaly 23.2px",medium,pending,high_confidence_exclude,"Eastern detached land local_x=4209/4306 neighbors=1; lon/lat 48.7458,47.6521; nearest Kartaly 23.2px",proposed
e3_0822,822,L001,"[1057.16, 1709.21]","[8133.16, 1851.21]",-15.1386,48.4063,Holyhead,12.2,other,477.0,67,0.5324,2,5,2,False,67,contact_other.png,keep_as_legitimate_land,"No proven defect; nearest Holyhead 12.2px lon/lat -15.1386,48.4063",medium,pending,restore_legitimate,"No proven defect; nearest Holyhead 12.2px lon/lat -15.1386,48.4063",proposed
e3_0823,823,L001,"[1315.65, 1744.43]","[8391.65, 1886.43]",-9.8989,47.71,Fakenham,7.8,other,841.0,46,0.617,4,1,2,False,46,contact_other.png,keep_as_legitimate_land,"No proven defect; nearest Fakenham 7.8px lon/lat -9.8989,47.71",medium,pending,restore_legitimate,"No proven defect; nearest Fakenham 7.8px lon/lat -9.8989,47.71",proposed
e3_0825,825,L001,"[1262.4, 1850.58]","[8338.4, 1992.58]",-10.9784,45.6117,London,1.5,other,838.5,60,0.6987,4,1,2,False,60,contact_other.png,keep_as_legitimate_land,"No proven defect; nearest London 1.5px lon/lat -10.9784,45.6117",medium,pending,restore_legitimate,"No proven defect; nearest London 1.5px lon/lat -10.9784,45.6117",proposed
e3_0826,826,L001,"[1013.41, 1953.67]","[8089.41, 2095.67]",-16.0255,43.5739,Falmouth,5.6,other,650.0,95,0.3316,4,1,2,False,95,contact_other.png,keep_as_legitimate_land,"No proven defect; nearest Falmouth 5.6px lon/lat -16.0255,43.5739",medium,pending,restore_legitimate,"No proven defect; nearest Falmouth 5.6px lon/lat -16.0255,43.5739",proposed
e3_0827,827,L001,"[1079.04, 1892.37]","[8155.04, 2034.37]",-14.6952,44.7858,Barnstaple,10.2,other,1294.5,109,0.4631,6,4,2,False,109,contact_other.png,keep_as_legitimate_land,"No proven defect; nearest Barnstaple 10.2px lon/lat -14.6952,44.7858",medium,pending,restore_legitimate,"No proven defect; nearest Barnstaple 10.2px lon/lat -14.6952,44.7858",proposed
e3_0828,828,L001,"[1079.74, 1927.12]","[8155.74, 2069.12]",-14.6809,44.0988,Torquay,14.8,other,1425.0,109,0.5373,6,1,2,False,109,contact_other.png,keep_as_legitimate_land,"No proven defect; nearest Torquay 14.8px lon/lat -14.6809,44.0988",medium,pending,restore_legitimate,"No proven defect; nearest Torquay 14.8px lon/lat -14.6809,44.0988",proposed
e3_0829,829,L001,"[1155.74, 1906.45]","[8231.74, 2048.45]",-13.1403,44.5074,Bournemouth,17.8,other,1355.0,109,0.533,6,1,2,False,109,contact_other.png,keep_as_legitimate_land,"No proven defect; nearest Bournemouth 17.8px lon/lat -13.1403,44.5074",medium,pending,restore_legitimate,"No proven defect; nearest Bournemouth 17.8px lon/lat -13.1403,44.5074",proposed
e3_0833,833,L001,"[1181.45, 1852.81]","[8257.45, 1994.81]",-12.6192,45.5677,Swindon,5.8,other,947.5,73,0.5926,7,4,2,False,73,contact_other.png,keep_as_legitimate_land,"No proven defect; nearest Swindon 5.8px lon/lat -12.6192,45.5677",medium,pending,restore_legitimate,"No proven defect; nearest Swindon 5.8px lon/lat -12.6192,45.5677",proposed
e3_0834,834,L001,"[1284.93, 1894.41]","[8360.93, 2036.41]",-10.5217,44.7454,Brighton,21.9,other,1091.0,83,0.5374,5,1,2,False,83,contact_other.png,keep_as_legitimate_land,"No proven defect; nearest Brighton 21.9px lon/lat -10.5217,44.7454",medium,pending,restore_legitimate,"No proven defect; nearest Brighton 21.9px lon/lat -10.5217,44.7454",proposed
e3_0835,835,L001,"[1204.48, 1902.6]","[8280.48, 2044.6]",-12.1524,44.5834,Southampton,9.0,other,1206.5,129,0.5484,5,1,2,False,129,contact_other.png,keep_as_legitimate_land,"No proven defect; nearest Southampton 9.0px lon/lat -12.1524,44.5834",medium,pending,restore_legitimate,"No proven defect; nearest Southampton 9.0px lon/lat -12.1524,44.5834",proposed
e3_0836,836,L001,"[1115.87, 1884.23]","[8191.87, 2026.23]",-13.9486,44.9466,Taunton,5.6,other,1290.5,105,0.4629,5,1,2,False,105,contact_other.png,keep_as_legitimate_land,"No proven defect; nearest Taunton 5.6px lon/lat -13.9486,44.9466",medium,pending,restore_legitimate,"No proven defect; nearest Taunton 5.6px lon/lat -13.9486,44.9466",proposed
e3_0837,837,L001,"[1257.14, 1869.79]","[8333.14, 2011.79]",-11.0849,45.2321,Crawley,8.7,other,848.0,76,0.4874,7,1,2,False,76,contact_other.png,keep_as_legitimate_land,"No proven defect; nearest Crawley 8.7px lon/lat -11.0849,45.2321",medium,pending,restore_legitimate,"No proven defect; nearest Crawley 8.7px lon/lat -11.0849,45.2321",proposed
e3_0838,838,L001,"[1319.35, 1879.91]","[8395.35, 2021.91]",-9.8241,45.0319,Canterbury,11.2,other,1015.0,81,0.4951,5,1,2,False,81,contact_other.png,keep_as_legitimate_land,"No proven defect; nearest Canterbury 11.2px lon/lat -9.8241,45.0319",medium,pending,restore_legitimate,"No proven defect; nearest Canterbury 11.2px lon/lat -9.8241,45.0319",proposed
e3_0839,839,L001,"[1151.7, 1833.86]","[8227.7, 1975.86]",-13.2224,45.9423,Bristol,15.6,other,907.0,92,0.5477,7,4,2,False,92,contact_other.png,keep_as_legitimate_land,"No proven defect; nearest Bristol 15.6px lon/lat -13.2224,45.9423",medium,pending,restore_legitimate,"No proven defect; nearest Bristol 15.6px lon/lat -13.2224,45.9423",proposed
e3_0840,840,L001,"[1191.59, 1785.28]","[8267.59, 1927.28]",-12.4138,46.9026,Coventry,7.1,other,1201.5,114,0.5646,7,4,2,False,114,contact_other.png,keep_as_legitimate_land,"No proven defect; nearest Coventry 7.1px lon/lat -12.4138,46.9026",medium,pending,restore_legitimate,"No proven defect; nearest Coventry 7.1px lon/lat -12.4138,46.9026",proposed
e3_0841,841,L001,"[1298.22, 1840.68]","[8374.22, 1982.68]",-10.2523,45.8075,Southend on Sea,7.9,other,789.5,87,0.4984,6,1,2,False,87,contact_other.png,keep_as_legitimate_land,"No proven defect; nearest Southend on Sea 7.9px lon/lat -10.2523,45.8075",medium,pending,restore_legitimate,"No proven defect; nearest Southend on Sea 7.9px lon/lat -10.2523,45.8075",proposed
e3_0842,842,L001,"[1326.27, 1809.42]","[8402.27, 1951.42]",-9.6838,46.4254,Ipswich,3.6,other,533.0,64,0.6002,4,1,2,False,64,contact_other.png,keep_as_legitimate_land,"No proven defect; nearest Ipswich 3.6px lon/lat -9.6838,46.4254",medium,pending,restore_legitimate,"No proven defect; nearest Ipswich 3.6px lon/lat -9.6838,46.4254",proposed
e3_0843,843,L001,"[1221.81, 1850.41]","[8297.81, 1992.41]",-11.8012,45.6152,Reading,4.7,other,868.0,88,0.4728,7,1,2,False,88,contact_other.png,keep_as_legitimate_land,"No proven defect; nearest Reading 4.7px lon/lat -11.8012,45.6152",medium,pending,restore_legitimate,"No proven defect; nearest Reading 4.7px lon/lat -11.8012,45.6152",proposed
e3_0844,844,L001,"[1221.86, 1756.67]","[8297.86, 1898.67]",-11.8001,47.4682,Leicester,9.0,other,1394.5,100,0.4924,6,4,2,False,100,contact_other.png,keep_as_legitimate_land,"No proven defect; nearest Leicester 9.0px lon/lat -11.8001,47.4682",medium,pending,restore_legitimate,"No proven defect; nearest Leicester 9.0px lon/lat -11.8001,47.4682",proposed
e3_0845,845,L001,"[1256.69, 1737.56]","[8332.69, 1879.56]",-11.0941,47.8459,Boston,9.3,other,1493.0,91,0.5742,8,4,2,False,91,contact_other.png,keep_as_legitimate_land,"No proven defect; nearest Boston 9.3px lon/lat -11.0941,47.8459",medium,pending,restore_legitimate,"No proven defect; nearest Boston 9.3px lon/lat -11.0941,47.8459",proposed
e3_0846,846,L001,"[1270.98, 1713.16]","[8346.98, 1855.16]",-10.8044,48.3283,Skegness,13.8,other,948.0,64,0.567,4,1,2,False,64,contact_other.png,keep_as_legitimate_land,"No proven defect; nearest Skegness 13.8px lon/lat -10.8044,48.3283",medium,pending,restore_legitimate,"No proven defect; nearest Skegness 13.8px lon/lat -10.8044,48.3283",proposed
e3_0847,847,L001,"[1250.33, 1770.05]","[8326.33, 1912.05]",-11.2231,47.2036,Peterborough,8.3,other,500.5,55,0.4461,5,4,2,False,55,contact_other.png,keep_as_legitimate_land,"No proven defect; nearest Peterborough 8.3px lon/lat -11.2231,47.2036",medium,pending,restore_legitimate,"No proven defect; nearest Peterborough 8.3px lon/lat -11.2231,47.2036",proposed
e3_0848,848,L001,"[1274.74, 1787.19]","[8350.74, 1929.19]",-10.7283,46.8649,Cambridge,6.9,other,1476.5,122,0.5511,8,4,2,False,122,contact_other.png,keep_as_legitimate_land,"No proven defect; nearest Cambridge 6.9px lon/lat -10.7283,46.8649",medium,pending,restore_legitimate,"No proven defect; nearest Cambridge 6.9px lon/lat -10.7283,46.8649",proposed
e3_0849,849,L001,"[1254.19, 1831.82]","[8330.19, 1973.82]",-11.1449,45.9826,Luton,10.3,other,1243.0,102,0.4741,6,1,2,False,102,contact_other.png,keep_as_legitimate_land,"No proven defect; nearest Luton 10.3px lon/lat -11.1449,45.9826",medium,pending,restore_legitimate,"No proven defect; nearest Luton 10.3px lon/lat -11.1449,45.9826",proposed
e3_0850,850,L001,"[1170.3, 1791.52]","[8246.3, 1933.52]",-12.8453,46.7793,Birmingham,15.0,other,880.5,97,0.5469,6,4,2,False,97,contact_other.png,keep_as_legitimate_land,"No proven defect; nearest Birmingham 15.0px lon/lat -12.8453,46.7793",medium,pending,restore_legitimate,"No proven defect; nearest Birmingham 15.0px lon/lat -12.8453,46.7793",proposed
e3_0851,851,L001,"[1130.52, 1714.99]","[8206.52, 1856.99]",-13.6516,48.2922,Chester,2.5,other,653.0,67,0.4651,5,1,2,False,67,contact_other.png,keep_as_legitimate_land,"No proven defect; nearest Chester 2.5px lon/lat -13.6516,48.2922",medium,pending,restore_legitimate,"No proven defect; nearest Chester 2.5px lon/lat -13.6516,48.2922",proposed
e3_0852,852,L001,"[1130.09, 1685.26]","[8206.09, 1827.26]",-13.6604,48.8798,Liverpool,12.1,other,687.0,70,0.6543,6,1,2,False,70,contact_other.png,keep_as_legitimate_land,"No proven defect; nearest Liverpool 12.1px lon/lat -13.6604,48.8798",medium,pending,restore_legitimate,"No proven defect; nearest Liverpool 12.1px lon/lat -13.6604,48.8798",proposed
e3_0853,853,L001,"[1134.09, 1620.68]","[8210.09, 1762.68]",-13.5792,50.1563,Kendal,2.3,other,1652.0,129,0.4836,7,1,2,False,129,contact_other.png,keep_as_legitimate_land,"No proven defect; nearest Kendal 2.3px lon/lat -13.5792,50.1563",medium,pending,restore_legitimate,"No proven defect; nearest Kendal 2.3px lon/lat -13.5792,50.1563",proposed
e3_0854,854,L001,"[1112.19, 1602.36]","[8188.19, 1744.36]",-14.0232,50.5184,Whitehaven,15.7,other,1347.0,91,0.4607,5,1,2,False,91,contact_other.png,keep_as_legitimate_land,"No proven defect; nearest Whitehaven 15.7px lon/lat -14.0232,50.5184",medium,pending,restore_legitimate,"No proven defect; nearest Whitehaven 15.7px lon/lat -14.0232,50.5184",proposed
e3_0855,855,L001,"[1185.19, 1591.72]","[8261.19, 1733.72]",-12.5434,50.7287,Durham,7.5,other,1267.0,83,0.6033,7,1,2,False,83,contact_other.png,keep_as_legitimate_land,"No proven defect; nearest Durham 7.5px lon/lat -12.5434,50.7287",medium,pending,restore_legitimate,"No proven defect; nearest Durham 7.5px lon/lat -12.5434,50.7287",proposed
e3_0856,856,L001,"[1175.05, 1521.32]","[8251.05, 1663.32]",-12.7491,52.1204,Alnwick,15.4,other,1041.0,87,0.5169,5,4,2,False,87,contact_other.png,keep_as_legitimate_land,"No proven defect; nearest Alnwick 15.4px lon/lat -12.7491,52.1204",medium,pending,restore_legitimate,"No proven defect; nearest Alnwick 15.4px lon/lat -12.7491,52.1204",proposed
e3_0857,857,L001,"[1138.84, 1574.31]","[8214.84, 1716.31]",-13.483,51.073,Carlisle,8.9,other,1172.5,68,0.6857,5,1,2,False,68,contact_other.png,keep_as_legitimate_land,"No proven defect; nearest Carlisle 8.9px lon/lat -13.483,51.073",medium,pending,restore_legitimate,"No proven defect; nearest Carlisle 8.9px lon/lat -13.483,51.073",proposed
e3_0858,858,L001,"[1138.2, 1759.44]","[8214.2, 1901.44]",-13.4959,47.4134,Telford,7.2,other,1856.0,120,0.6645,8,4,2,False,120,contact_other.png,keep_as_legitimate_land,"No proven defect; nearest Telford 7.2px lon/lat -13.4959,47.4134",medium,pending,restore_legitimate,"No proven defect; nearest Telford 7.2px lon/lat -13.4959,47.4134",proposed
e3_0859,859,L001,"[1222.88, 1719.37]","[8298.88, 1861.37]",-11.7794,48.2054,Nottingham,17.1,other,1144.0,86,0.5801,5,1,2,False,86,contact_other.png,keep_as_legitimate_land,"No proven defect; nearest Nottingham 17.1px lon/lat -11.7794,48.2054",medium,pending,restore_legitimate,"No proven defect; nearest Nottingham 17.1px lon/lat -11.7794,48.2054",proposed
e3_0860,860,L001,"[1192.46, 1724.74]","[8268.46, 1866.74]",-12.396,48.0994,Derby,14.4,other,1351.0,114,0.4652,6,4,2,False,114,contact_other.png,keep_as_legitimate_land,"No proven defect; nearest Derby 14.4px lon/lat -12.396,48.0994",medium,pending,restore_legitimate,"No proven defect; nearest Derby 14.4px lon/lat -12.396,48.0994",proposed
e3_0861,861,L001,"[1170.75, 1748.16]","[8246.75, 1890.16]",-12.8361,47.6364,Stafford,11.4,other,1571.0,113,0.5579,5,4,2,False,113,contact_other.png,keep_as_legitimate_land,"No proven defect; nearest Stafford 11.4px lon/lat -12.8361,47.6364",medium,pending,restore_legitimate,"No proven defect; nearest Stafford 11.4px lon/lat -12.8361,47.6364",proposed
e3_0862,862,L001,"[1204.09, 1686.98]","[8280.09, 1828.98]",-12.1604,48.8457,Sheffield,15.3,other,1461.5,101,0.557,7,1,2,False,101,contact_other.png,keep_as_legitimate_land,"No proven defect; nearest Sheffield 15.3px lon/lat -12.1604,48.8457",medium,pending,restore_legitimate,"No proven defect; nearest Sheffield 15.3px lon/lat -12.1604,48.8457",proposed
e3_0863,863,L001,"[1249.38, 1659.72]","[8325.38, 1801.72]",-11.2423,49.3847,Hull,9.6,other,1835.0,116,0.541,6,1,2,False,116,contact_other.png,keep_as_legitimate_land,"No proven defect; nearest Hull 9.6px lon/lat -11.2423,49.3847",medium,pending,restore_legitimate,"No proven defect; nearest Hull 9.6px lon/lat -11.2423,49.3847",proposed
e3_0864,864,L001,"[1215.75, 1635.9]","[8291.75, 1777.9]",-11.924,49.8555,York,13.1,other,795.5,68,0.4454,5,1,2,False,68,contact_other.png,keep_as_legitimate_land,"No proven defect; nearest York 13.1px lon/lat -11.924,49.8555",medium,pending,restore_legitimate,"No proven defect; nearest York 13.1px lon/lat -11.924,49.8555",proposed
e3_0865,865,L001,"[1194.92, 1662.34]","[8270.92, 1804.34]",-12.3461,49.3329,Leeds,1.3,other,1129.0,80,0.48,6,1,2,False,80,contact_other.png,keep_as_legitimate_land,"No proven defect; nearest Leeds 1.3px lon/lat -12.3461,49.3329",medium,pending,restore_legitimate,"No proven defect; nearest Leeds 1.3px lon/lat -12.3461,49.3329",proposed
e3_0866,866,L001,"[1063.92, 1820.24]","[8139.92, 1962.24]",-15.0016,46.2114,Carmarthen,9.7,other,1229.5,90,0.5589,5,4,2,False,90,contact_other.png,keep_as_legitimate_land,"No proven defect; nearest Carmarthen 9.7px lon/lat -15.0016,46.2114",medium,pending,restore_legitimate,"No proven defect; nearest Carmarthen 9.7px lon/lat -15.0016,46.2114",proposed
e3_0867,867,L001,"[1102.34, 1846.14]","[8178.34, 1988.14]",-14.2229,45.6996,Bridgend,6.6,other,609.5,65,0.5012,5,5,2,False,65,contact_other.png,keep_as_legitimate_land,"No proven defect; nearest Bridgend 6.6px lon/lat -14.2229,45.6996",medium,pending,restore_legitimate,"No proven defect; nearest Bridgend 6.6px lon/lat -14.2229,45.6996",proposed
e3_0868,868,L001,"[1126.92, 1844.13]","[8202.92, 1986.13]",-13.7245,45.7392,Cwmbran,10.7,other,438.5,53,0.435,5,5,2,False,53,contact_other.png,keep_as_legitimate_land,"No proven defect; nearest Cwmbran 10.7px lon/lat -13.7245,45.7392",medium,pending,restore_legitimate,"No proven defect; nearest Cwmbran 10.7px lon/lat -13.7245,45.7392",proposed
e3_0869,869,L001,"[1029.31, 1824.16]","[8105.31, 1966.16]",-15.7033,46.1341,Milford Haven,10.7,other,877.0,108,0.4856,4,5,2,False,108,contact_other.png,keep_as_legitimate_land,"No proven defect; nearest Milford Haven 10.7px lon/lat -15.7033,46.1341",medium,pending,restore_legitimate,"No proven defect; nearest Milford Haven 10.7px lon/lat -15.7033,46.1341",proposed
e3_0870,870,L001,"[1100.94, 1813.37]","[8176.94, 1955.37]",-14.2512,46.3473,Brecon,4.8,other,718.5,67,0.4976,7,4,2,False,67,contact_other.png,keep_as_legitimate_land,"No proven defect; nearest Brecon 4.8px lon/lat -14.2512,46.3473",medium,pending,restore_legitimate,"No proven defect; nearest Brecon 4.8px lon/lat -14.2512,46.3473",proposed
e3_0871,871,L001,"[1070.66, 1791.27]","[8146.66, 1933.27]",-14.8651,46.7843,Aberystwyth,12.3,other,936.0,90,0.416,7,5,2,False,90,contact_other.png,keep_as_legitimate_land,"No proven defect; nearest Aberystwyth 12.3px lon/lat -14.8651,46.7843",medium,pending,restore_legitimate,"No proven defect; nearest Aberystwyth 12.3px lon/lat -14.8651,46.7843",proposed
e3_0872,872,L001,"[1113.28, 1725.26]","[8189.28, 1867.26]",-14.0011,48.0891,Wrexham,9.9,other,925.0,86,0.5378,6,4,2,False,86,contact_other.png,keep_as_legitimate_land,"No proven defect; nearest Wrexham 9.9px lon/lat -14.0011,48.0891",medium,pending,restore_legitimate,"No proven defect; nearest Wrexham 9.9px lon/lat -14.0011,48.0891",proposed
e3_0873,873,L001,"[1057.91, 1737.08]","[8133.91, 1879.08]",-15.1235,47.8554,Pwllheli,12.1,other,594.5,75,0.3909,5,5,2,False,75,contact_other.png,keep_as_legitimate_land,"No proven defect; nearest Pwllheli 12.1px lon/lat -15.1235,47.8554",medium,pending,restore_legitimate,"No proven defect; nearest Pwllheli 12.1px lon/lat -15.1235,47.8554",proposed
e3_0874,874,L001,"[1087.37, 1719.44]","[8163.37, 1861.44]",-14.5263,48.2042,Conwy,10.0,other,632.5,62,0.6845,4,5,2,False,62,contact_other.png,keep_as_legitimate_land,"No proven defect; nearest Conwy 10.0px lon/lat -14.5263,48.2042",medium,pending,restore_legitimate,"No proven defect; nearest Conwy 10.0px lon/lat -14.5263,48.2042",proposed
e3_0875,875,L001,"[1103.19, 1759.09]","[8179.19, 1901.09]",-14.2055,47.4203,Welshpool,12.9,other,856.0,77,0.5141,5,5,2,False,77,contact_other.png,keep_as_legitimate_land,"No proven defect; nearest Welshpool 12.9px lon/lat -14.2055,47.4203",medium,pending,restore_legitimate,"No proven defect; nearest Welshpool 12.9px lon/lat -14.2055,47.4203",proposed
e3_0876,876,L001,"[1103.48, 1787.28]","[8179.48, 1929.28]",-14.1998,46.8631,Rhayader,4.5,other,1075.0,82,0.527,5,5,2,False,82,contact_other.png,keep_as_legitimate_land,"No proven defect; nearest Rhayader 4.5px lon/lat -14.1998,46.8631",medium,pending,restore_legitimate,"No proven defect; nearest Rhayader 4.5px lon/lat -14.1998,46.8631",proposed
e3_0877,877,L001,"[1340.42, 1761.53]","[8416.42, 1903.53]",-9.3969,47.372,Norwich,7.4,other,679.0,43,0.643,4,1,2,False,43,contact_other.png,keep_as_legitimate_land,"No proven defect; nearest Norwich 7.4px lon/lat -9.3969,47.372",medium,pending,restore_legitimate,"No proven defect; nearest Norwich 7.4px lon/lat -9.3969,47.372",proposed
e3_0878,878,L001,"[1176.36, 1616.22]","[8252.36, 1758.22]",-12.7224,50.2444,Bedale,9.9,other,1123.0,94,0.533,5,1,2,False,94,contact_other.png,keep_as_legitimate_land,"No proven defect; nearest Bedale 9.9px lon/lat -12.7224,50.2444",medium,pending,restore_legitimate,"No proven defect; nearest Bedale 9.9px lon/lat -12.7224,50.2444",proposed
e3_0879,879,L001,"[1108.05, 1907.77]","[8184.05, 2049.77]",-14.1071,44.4814,Exeter,8.4,other,564.0,60,0.5444,5,1,2,False,60,contact_other.png,keep_as_legitimate_land,"No proven defect; nearest Exeter 8.4px lon/lat -14.1071,44.4814",medium,pending,restore_legitimate,"No proven defect; nearest Exeter 8.4px lon/lat -14.1071,44.4814",proposed
e3_0880,880,L001,"[1078.51, 1840.82]","[8154.51, 1982.82]",-14.7058,45.8047,Swansea,1.7,other,501.0,68,0.5493,4,5,2,False,68,contact_other.png,keep_as_legitimate_land,"No proven defect; nearest Swansea 1.7px lon/lat -14.7058,45.8047",medium,pending,restore_legitimate,"No proven defect; nearest Swansea 1.7px lon/lat -14.7058,45.8047",proposed
e3_0881,881,L001,"[1155.87, 1686.2]","[8231.87, 1828.2]",-13.1378,48.8612,Manchester,7.1,other,761.5,61,0.6237,5,1,2,False,61,contact_other.png,keep_as_legitimate_land,"No proven defect; nearest Manchester 7.1px lon/lat -13.1378,48.8612",medium,pending,restore_legitimate,"No proven defect; nearest Manchester 7.1px lon/lat -13.1378,48.8612",proposed
e3_0884,884,L001,"[1042.23, 1546.81]","[8118.23, 1688.81]",-15.4412,51.6165,Girvan,6.2,other,610.0,64,0.5277,4,4,2,False,64,contact_other.png,keep_as_legitimate_land,"No proven defect; nearest Girvan 6.2px lon/lat -15.4412,51.6165",medium,pending,restore_legitimate,"No proven defect; nearest Girvan 6.2px lon/lat -15.4412,51.6165",proposed
e3_0885,885,L001,"[1155.23, 1397.56]","[8231.23, 1539.56]",-13.1508,54.5668,Stonehaven,5.4,other,608.5,66,0.5122,4,5,2,False,66,contact_other.png,keep_as_legitimate_land,"No proven defect; nearest Stonehaven 5.4px lon/lat -13.1508,54.5668",medium,pending,restore_legitimate,"No proven defect; nearest Stonehaven 5.4px lon/lat -13.1508,54.5668",proposed
e3_0886,886,L001,"[1146.89, 1521.92]","[8222.89, 1663.92]",-13.3198,52.1086,Jedburgh,8.1,other,720.5,73,0.4636,5,8,2,False,73,contact_other.png,keep_as_legitimate_land,"No proven defect; nearest Jedburgh 8.1px lon/lat -13.3198,52.1086",medium,pending,restore_legitimate,"No proven defect; nearest Jedburgh 8.1px lon/lat -13.3198,52.1086",proposed
e3_0887,887,L001,"[1123.75, 1544.76]","[8199.75, 1686.76]",-13.7889,51.657,Gretna Green,20.4,other,780.0,59,0.5353,6,8,2,False,59,contact_other.png,keep_as_legitimate_land,"No proven defect; nearest Gretna Green 20.4px lon/lat -13.7889,51.657",medium,pending,restore_legitimate,"No proven defect; nearest Gretna Green 20.4px lon/lat -13.7889,51.657",proposed
e3_0888,888,L001,"[1036.87, 1577.29]","[8112.87, 1719.29]",-15.5499,51.014,Stranraer,10.4,other,933.0,107,0.5418,6,4,2,False,107,contact_other.png,keep_as_legitimate_land,"No proven defect; nearest Stranraer 10.4px lon/lat -15.5499,51.014",medium,pending,restore_legitimate,"No proven defect; nearest Stranraer 10.4px lon/lat -15.5499,51.014",proposed
e3_0889,889,L001,"[1088.05, 1567.1]","[8164.05, 1709.1]",-14.5125,51.2156,Dumfries,6.4,other,440.0,42,0.5867,5,5,2,False,42,contact_other.png,keep_as_legitimate_land,"No proven defect; nearest Dumfries 6.4px lon/lat -14.5125,51.2156",medium,pending,restore_legitimate,"No proven defect; nearest Dumfries 6.4px lon/lat -14.5125,51.2156",proposed
e3_0890,890,L001,"[1144.82, 1494.29]","[8220.82, 1636.29]",-13.3618,52.6547,North Berwick,18.5,other,1075.0,93,0.5319,5,4,2,False,93,contact_other.png,keep_as_legitimate_land,"No proven defect; nearest North Berwick 18.5px lon/lat -13.3618,52.6547",medium,pending,restore_legitimate,"No proven defect; nearest North Berwick 18.5px lon/lat -13.3618,52.6547",proposed
e3_0891,891,L001,"[1100.02, 1489.46]","[8176.02, 1631.46]",-14.2699,52.7502,Edinburgh,13.7,other,542.5,52,0.5771,5,4,2,False,52,contact_other.png,keep_as_legitimate_land,"No proven defect; nearest Edinburgh 13.7px lon/lat -14.2699,52.7502",medium,pending,restore_legitimate,"No proven defect; nearest Edinburgh 13.7px lon/lat -14.2699,52.7502",proposed
e3_0892,892,L001,"[1116.73, 1511.24]","[8192.73, 1653.24]",-13.9311,52.3197,Galashiels,11.9,other,1157.0,97,0.5739,6,4,2,False,97,contact_other.png,keep_as_legitimate_land,"No proven defect; nearest Galashiels 11.9px lon/lat -13.9311,52.3197",medium,pending,restore_legitimate,"No proven defect; nearest Galashiels 11.9px lon/lat -13.9311,52.3197",proposed
e3_0893,893,L001,"[1050.31, 1488.82]","[8126.31, 1630.82]",-15.2774,52.7629,Glasgow,9.9,other,747.5,83,0.584,5,4,2,False,83,contact_other.png,keep_as_legitimate_land,"No proven defect; nearest Glasgow 9.9px lon/lat -15.2774,52.7629",medium,pending,restore_legitimate,"No proven defect; nearest Glasgow 9.9px lon/lat -15.2774,52.7629",proposed
e3_0894,894,L001,"[1083.52, 1510.08]","[8159.52, 1652.08]",-14.6043,52.3427,Wishaw,12.4,other,1163.0,92,0.5225,7,4,2,False,92,contact_other.png,keep_as_legitimate_land,"No proven defect; nearest Wishaw 12.4px lon/lat -14.6043,52.3427",medium,pending,restore_legitimate,"No proven defect; nearest Wishaw 12.4px lon/lat -14.6043,52.3427",proposed
e3_0895,895,L001,"[1002.4, 1390.66]","[8078.4, 1532.66]",-16.2487,54.7033,Mallaig,15.6,other,1322.0,167,0.5365,5,8,2,False,167,contact_other.png,keep_as_legitimate_land,"No proven defect; nearest Mallaig 15.6px lon/lat -16.2487,54.7033",medium,pending,restore_legitimate,"No proven defect; nearest Mallaig 15.6px lon/lat -16.2487,54.7033",proposed
e3_0896,896,L001,"[976.25, 1431.62]","[8052.25, 1573.62]",-16.7788,53.8936,Tobermory,7.4,other,948.5,297,0.3375,2,8,2,False,297,contact_other.png,keep_as_legitimate_land,"No proven defect; nearest Tobermory 7.4px lon/lat -16.7788,53.8936",medium,pending,restore_legitimate,"No proven defect; nearest Tobermory 7.4px lon/lat -16.7788,53.8936",proposed
e3_0897,897,L001,"[929.55, 1325.82]","[8005.55, 1467.82]",-17.7254,55.9849,Portree,46.7,other,1631.5,353,0.0955,2,5,2,False,353,contact_other.png,keep_as_legitimate_land,"No proven defect; nearest Portree 46.7px lon/lat -17.7254,55.9849",medium,pending,restore_legitimate,"No proven defect; nearest Portree 46.7px lon/lat -17.7254,55.9849",proposed
e3_0898,898,L001,"[1040.79, 1364.42]","[8116.79, 1506.42]",-15.4705,55.2219,Drumnadrochit,9.3,other,1010.5,76,0.6015,7,8,2,False,76,contact_other.png,keep_as_legitimate_land,"No proven defect; nearest Drumnadrochit 9.3px lon/lat -15.4705,55.2219",medium,pending,restore_legitimate,"No proven defect; nearest Drumnadrochit 9.3px lon/lat -15.4705,55.2219",proposed
e3_0899,899,L001,"[1013.38, 1448.44]","[8089.38, 1590.44]",-16.026,53.561,Oban,9.1,other,868.5,115,0.4762,6,5,2,False,115,contact_other.png,keep_as_legitimate_land,"No proven defect; nearest Oban 9.1px lon/lat -16.026,53.561",medium,pending,restore_legitimate,"No proven defect; nearest Oban 9.1px lon/lat -16.026,53.561",proposed
e3_0900,900,L001,"[1040.66, 1268.36]","[8116.66, 1410.36]",-15.4731,57.1208,Clachtoll,16.7,other,2746.0,186,0.5735,5,8,2,False,186,contact_other.png,keep_as_legitimate_land,"No proven defect; nearest Clachtoll 16.7px lon/lat -15.4731,57.1208",medium,pending,restore_legitimate,"No proven defect; nearest Clachtoll 16.7px lon/lat -15.4731,57.1208",proposed
e3_0901,901,L001,"[1073.6, 1355.0]","[8149.6, 1497.0]",-14.8053,55.4081,Inverness,9.1,other,620.5,58,0.5876,5,5,2,False,58,contact_other.png,keep_as_legitimate_land,"No proven defect; nearest Inverness 9.1px lon/lat -14.8053,55.4081",medium,pending,restore_legitimate,"No proven defect; nearest Inverness 9.1px lon/lat -14.8053,55.4081",proposed
e3_0902,902,L001,"[1100.57, 1344.14]","[8176.57, 1486.14]",-14.2587,55.6228,Elgin,12.6,other,972.0,79,0.5283,4,5,2,False,79,contact_other.png,keep_as_legitimate_land,"No proven defect; nearest Elgin 12.6px lon/lat -14.2587,55.6228",medium,pending,restore_legitimate,"No proven defect; nearest Elgin 12.6px lon/lat -14.2587,55.6228",proposed
e3_0903,903,L001,"[1032.34, 1416.73]","[8108.34, 1558.73]",-15.6417,54.188,Fort William,11.8,other,1477.0,102,0.4814,6,5,2,False,102,contact_other.png,keep_as_legitimate_land,"No proven defect; nearest Fort William 11.8px lon/lat -15.6417,54.188",medium,pending,restore_legitimate,"No proven defect; nearest Fort William 11.8px lon/lat -15.6417,54.188",proposed
e3_0904,904,L001,"[964.61, 1363.37]","[8040.61, 1505.37]",-17.0147,55.2426,Portree,8.5,other,1204.0,259,0.3476,3,5,2,False,259,contact_other.png,keep_as_legitimate_land,"No proven defect; nearest Portree 8.5px lon/lat -17.0147,55.2426",medium,pending,restore_legitimate,"No proven defect; nearest Portree 8.5px lon/lat -17.0147,55.2426",proposed
e3_0905,905,L001,"[1061.5, 1328.3]","[8137.5, 1470.3]",-15.0506,55.9359,Dingwall,11.7,other,1359.0,155,0.4931,5,8,2,False,155,contact_other.png,keep_as_legitimate_land,"No proven defect; nearest Dingwall 11.7px lon/lat -15.0506,55.9359",medium,pending,restore_legitimate,"No proven defect; nearest Dingwall 11.7px lon/lat -15.0506,55.9359",proposed
e3_0906,906,L001,"[1000.63, 1344.7]","[8076.63, 1486.7]",-16.2845,55.6118,Lochcarron,8.3,other,1686.0,165,0.5592,5,8,2,False,165,contact_other.png,keep_as_legitimate_land,"No proven defect; nearest Lochcarron 8.3px lon/lat -16.2845,55.6118",medium,pending,restore_legitimate,"No proven defect; nearest Lochcarron 8.3px lon/lat -16.2845,55.6118",proposed
e3_0907,907,L001,"[1121.49, 1215.16]","[8197.49, 1357.16]",-13.8346,58.1723,Kirkwall,7.1,other,548.5,152,0.4685,2,5,2,False,152,contact_other.png,keep_as_legitimate_land,"No proven defect; nearest Kirkwall 7.1px lon/lat -13.8346,58.1723",medium,pending,restore_legitimate,"No proven defect; nearest Kirkwall 7.1px lon/lat -13.8346,58.1723",proposed
e3_0908,908,L001,"[1124.94, 1458.0]","[8200.94, 1600.0]",-13.7648,53.3721,St Andrews,9.3,other,704.0,79,0.5029,4,5,2,False,79,contact_other.png,keep_as_legitimate_land,"No proven defect; nearest St Andrews 9.3px lon/lat -13.7648,53.3721",medium,pending,restore_legitimate,"No proven defect; nearest St Andrews 9.3px lon/lat -13.7648,53.3721",proposed
e3_0909,909,L001,"[1130.73, 1419.32]","[8206.73, 1561.32]",-13.6474,54.1367,Dundee,19.3,other,1484.5,103,0.6443,4,5,2,False,103,contact_other.png,keep_as_legitimate_land,"No proven defect; nearest Dundee 19.3px lon/lat -13.6474,54.1367",medium,pending,restore_legitimate,"No proven defect; nearest Dundee 19.3px lon/lat -13.6474,54.1367",proposed
e3_0910,910,L001,"[1117.08, 1385.75]","[8193.08, 1527.75]",-13.924,54.8003,Ballater,6.9,other,1552.5,96,0.547,7,5,2,False,96,contact_other.png,keep_as_legitimate_land,"No proven defect; nearest Ballater 6.9px lon/lat -13.924,54.8003",medium,pending,restore_legitimate,"No proven defect; nearest Ballater 6.9px lon/lat -13.924,54.8003",proposed
e3_0911,911,L001,"[1061.0, 1466.83]","[8137.0, 1608.83]",-15.0608,53.1976,Stirling,18.9,other,1234.0,92,0.4774,8,5,2,False,92,contact_other.png,keep_as_legitimate_land,"No proven defect; nearest Stirling 18.9px lon/lat -15.0608,53.1976",medium,pending,restore_legitimate,"No proven defect; nearest Stirling 18.9px lon/lat -15.0608,53.1976",proposed
e3_0912,912,L001,"[1104.48, 1430.1]","[8180.48, 1572.1]",-14.1795,53.9237,Perth,16.0,other,980.0,82,0.4866,7,5,2,False,82,contact_other.png,keep_as_legitimate_land,"No proven defect; nearest Perth 16.0px lon/lat -14.1795,53.9237",medium,pending,restore_legitimate,"No proven defect; nearest Perth 16.0px lon/lat -14.1795,53.9237",proposed
e3_1856,3676,L001,"[1078.18, 1414.87]","[8154.18, 1556.87]",-14.7126,54.2247,Pitlochry,6.9,other,1067.0,85,0.5185,6,5,2,False,85,contact_other.png,keep_as_legitimate_land,"No proven defect; nearest Pitlochry 6.9px lon/lat -14.7126,54.2247",medium,pending,restore_legitimate,"No proven defect; nearest Pitlochry 6.9px lon/lat -14.7126,54.2247",proposed
e3_1857,3677,L001,"[1161.28, 1356.04]","[8237.28, 1498.04]",-13.028,55.3876,Aberdeen,21.3,other,1584.5,102,0.5266,5,5,2,False,102,contact_other.png,keep_as_legitimate_land,"No proven defect; nearest Aberdeen 21.3px lon/lat -13.028,55.3876",medium,pending,restore_legitimate,"No proven defect; nearest Aberdeen 21.3px lon/lat -13.028,55.3876",proposed
e3_1858,3678,L001,"[1090.32, 1274.66]","[8166.32, 1416.66]",-14.4665,56.9962,Wick,30.4,other,2506.5,160,0.4283,5,8,2,False,160,contact_other.png,keep_as_legitimate_land,"No proven defect; nearest Wick 30.4px lon/lat -14.4665,56.9962",medium,pending,restore_legitimate,"No proven defect; nearest Wick 30.4px lon/lat -14.4665,56.9962",proposed
e3_1859,3679,L001,"[999.58, 1491.6]","[8075.58, 1633.6]",-16.3057,52.7079,Port Ellen,38.4,other,1824.0,511,0.0809,4,5,2,False,511,contact_other.png,keep_as_legitimate_land,"No proven defect; nearest Port Ellen 38.4px lon/lat -16.3057,52.7079",medium,pending,restore_legitimate,"No proven defect; nearest Port Ellen 38.4px lon/lat -16.3057,52.7079",proposed
e3_2105,6460,L001,"[1203.94, 1822.6]","[8279.94, 1964.6]",-12.1634,46.1649,Oxford,8.9,other,994.0,80,0.6024,6,4,2,False,80,contact_other.png,keep_as_legitimate_land,"No proven defect; nearest Oxford 8.9px lon/lat -12.1634,46.1649",medium,pending,restore_legitimate,"No proven defect; nearest Oxford 8.9px lon/lat -12.1634,46.1649",proposed
e3_2106,6461,L001,"[1213.52, 1873.1]","[8289.52, 2015.1]",-11.9693,45.1667,Winchester,12.4,other,870.0,62,0.6522,6,1,2,False,62,contact_other.png,keep_as_legitimate_land,"No proven defect; nearest Winchester 12.4px lon/lat -11.9693,45.1667",medium,pending,restore_legitimate,"No proven defect; nearest Winchester 12.4px lon/lat -11.9693,45.1667",proposed
e3_2107,6462,L001,"[1243.92, 1892.93]","[8319.92, 2034.93]",-11.353,44.7746,Chichester,14.8,other,904.0,60,0.6088,6,1,2,False,60,contact_other.png,keep_as_legitimate_land,"No proven defect; nearest Chichester 14.8px lon/lat -11.353,44.7746",medium,pending,restore_legitimate,"No proven defect; nearest Chichester 14.8px lon/lat -11.353,44.7746",proposed
e3_2108,6463,L001,"[1291.69, 1759.29]","[8367.69, 1901.29]",-10.3847,47.4163,Wisbech,10.8,other,659.5,48,0.557,5,1,2,False,48,contact_other.png,keep_as_legitimate_land,"No proven defect; nearest Wisbech 10.8px lon/lat -10.3847,47.4163",medium,pending,restore_legitimate,"No proven defect; nearest Wisbech 10.8px lon/lat -10.3847,47.4163",proposed
e3_2109,6464,L001,"[1049.77, 1938.73]","[8125.77, 2080.73]",-15.2884,43.8693,Plymouth,18.3,other,718.0,96,0.3387,4,1,2,False,96,contact_other.png,keep_as_legitimate_land,"No proven defect; nearest Plymouth 18.3px lon/lat -15.2884,43.8693",medium,pending,restore_legitimate,"No proven defect; nearest Plymouth 18.3px lon/lat -15.2884,43.8693",proposed
e3_2110,6465,L001,"[1147.01, 1868.92]","[8223.01, 2010.92]",-13.3173,45.2493,Bath,7.0,other,1023.0,75,0.5671,6,1,2,False,75,contact_other.png,keep_as_legitimate_land,"No proven defect; nearest Bath 7.0px lon/lat -13.3173,45.2493",medium,pending,restore_legitimate,"No proven defect; nearest Bath 7.0px lon/lat -13.3173,45.2493",proposed
e3_2111,6466,L001,"[1240.07, 1808.55]","[8316.07, 1950.55]",-11.4311,46.4427,Northampton,2.5,other,1299.0,104,0.5098,6,4,2,False,104,contact_other.png,keep_as_legitimate_land,"No proven defect; nearest Northampton 2.5px lon/lat -11.4311,46.4427",medium,pending,restore_legitimate,"No proven defect; nearest Northampton 2.5px lon/lat -11.4311,46.4427",proposed
e3_2112,6467,L001,"[1296.41, 1865.5]","[8372.41, 2007.5]",-10.289,45.3169,Maidstone,6.5,other,726.5,78,0.545,5,1,2,False,78,contact_other.png,keep_as_legitimate_land,"No proven defect; nearest Maidstone 6.5px lon/lat -10.289,45.3169",medium,pending,restore_legitimate,"No proven defect; nearest Maidstone 6.5px lon/lat -10.289,45.3169",proposed
e3_2117,6472,L001,"[1145.45, 1654.06]","[8221.45, 1796.06]",-13.349,49.4965,Clitheroe,8.6,other,1091.5,118,0.4368,6,1,2,False,118,contact_other.png,keep_as_legitimate_land,"No proven defect; nearest Clitheroe 8.6px lon/lat -13.349,49.4965",medium,pending,restore_legitimate,"No proven defect; nearest Clitheroe 8.6px lon/lat -13.349,49.4965",proposed
e3_2118,6473,L001,"[1246.23, 1694.65]","[8322.23, 1836.65]",-11.3061,48.6941,Lincoln,13.4,other,1194.5,86,0.5899,6,1,2,False,86,contact_other.png,keep_as_legitimate_land,"No proven defect; nearest Lincoln 13.4px lon/lat -11.3061,48.6941",medium,pending,restore_legitimate,"No proven defect; nearest Lincoln 13.4px lon/lat -11.3061,48.6941",proposed
e3_2119,6474,L001,"[1192.63, 1559.51]","[8268.63, 1701.51]",-12.3927,51.3654,Newcastle,11.6,other,714.5,70,0.5547,5,1,2,False,70,contact_other.png,keep_as_legitimate_land,"No proven defect; nearest Newcastle 11.6px lon/lat -12.3927,51.3654",medium,pending,restore_legitimate,"No proven defect; nearest Newcastle 11.6px lon/lat -12.3927,51.3654",proposed
e3_2120,6475,L001,"[1161.45, 1554.62]","[8237.45, 1696.62]",-13.0247,51.4623,Hexham,13.1,other,1391.0,91,0.5161,6,1,2,False,91,contact_other.png,keep_as_legitimate_land,"No proven defect; nearest Hexham 13.1px lon/lat -13.0247,51.4623",medium,pending,restore_legitimate,"No proven defect; nearest Hexham 13.1px lon/lat -13.0247,51.4623",proposed
e3_2122,6477,L001,"[1139.72, 1802.72]","[8215.72, 1944.72]",-13.4652,46.5579,Hereford,4.3,other,1217.0,78,0.5937,7,4,2,False,78,contact_other.png,keep_as_legitimate_land,"No proven defect; nearest Hereford 4.3px lon/lat -13.4652,46.5579",medium,pending,restore_legitimate,"No proven defect; nearest Hereford 4.3px lon/lat -13.4652,46.5579",proposed
e3_2247,6602,L001,"[1176.24, 1879.51]","[8252.24, 2021.51]",-12.7248,45.0399,Salisbury,5.9,other,824.0,86,0.5421,5,1,2,False,86,contact_other.png,keep_as_legitimate_land,"No proven defect; nearest Salisbury 5.9px lon/lat -12.7248,45.0399",medium,pending,restore_legitimate,"No proven defect; nearest Salisbury 5.9px lon/lat -12.7248,45.0399",proposed
e3_2251,6606,L001,"[1064.45, 1438.05]","[8140.45, 1580.05]",-14.991,53.7665,Killin,6.7,other,1121.0,83,0.5185,6,5,2,False,83,contact_other.png,keep_as_legitimate_land,"No proven defect; nearest Killin 6.7px lon/lat -14.991,53.7665",medium,pending,restore_legitimate,"No proven defect; nearest Killin 6.7px lon/lat -14.991,53.7665",proposed
e3_2252,6607,L001,"[1089.07, 1375.26]","[8165.07, 1517.26]",-14.4918,55.0077,Aviemore,7.2,other,656.0,70,0.4795,6,5,2,False,70,contact_other.png,keep_as_legitimate_land,"No proven defect; nearest Aviemore 7.2px lon/lat -14.4918,55.0077",medium,pending,restore_legitimate,"No proven defect; nearest Aviemore 7.2px lon/lat -14.4918,55.0077",proposed
e3_2253,6609,L001,"[1019.74, 1313.76]","[8095.74, 1455.76]",-15.8972,56.2233,Ullapool,8.9,other,1379.0,144,0.5024,5,8,2,False,144,contact_other.png,keep_as_legitimate_land,"No proven defect; nearest Ullapool 8.9px lon/lat -15.8972,56.2233",medium,pending,restore_legitimate,"No proven defect; nearest Ullapool 8.9px lon/lat -15.8972,56.2233",proposed
e3_2254,6610,L001,"[1130.34, 1348.97]","[8206.34, 1490.97]",-13.6553,55.5274,Huntly,0.7,other,1282.0,88,0.4748,5,5,2,False,88,contact_other.png,keep_as_legitimate_land,"No proven defect; nearest Huntly 0.7px lon/lat -13.6553,55.5274",medium,pending,restore_legitimate,"No proven defect; nearest Huntly 0.7px lon/lat -13.6553,55.5274",proposed
e3_2342,6700,L001,"[1168.25, 1644.29]","[8244.25, 1786.29]",-12.8869,49.6896,Clitheroe,17.8,other,1155.5,89,0.6179,5,1,2,False,89,contact_other.png,keep_as_legitimate_land,"No proven defect; nearest Clitheroe 17.8px lon/lat -12.8869,49.6896",medium,pending,restore_legitimate,"No proven defect; nearest Clitheroe 17.8px lon/lat -12.8869,49.6896",proposed
e3_2368,6837,L001,"[1039.55, 1919.21]","[8115.55, 2061.21]",-15.4956,44.2551,Newquay,22.9,other,515.0,76,0.3012,5,4,2,False,76,contact_other.png,keep_as_legitimate_land,"No proven defect; nearest Newquay 22.9px lon/lat -15.4956,44.2551",medium,pending,restore_legitimate,"No proven defect; nearest Newquay 22.9px lon/lat -15.4956,44.2551",proposed
e3_2613,7392,L001,"[1305.29, 1820.64]","[8381.29, 1962.64]",-10.109,46.2035,Colchester,4.8,other,993.5,104,0.5191,6,1,2,False,104,contact_other.png,keep_as_legitimate_land,"No proven defect; nearest Colchester 4.8px lon/lat -10.109,46.2035",medium,pending,restore_legitimate,"No proven defect; nearest Colchester 4.8px lon/lat -10.109,46.2035",proposed
e3_2614,7393,L001,"[1061.45, 1386.39]","[8137.45, 1528.39]",-15.0517,54.7876,Laggan,5.2,other,963.0,69,0.528,5,5,2,False,69,contact_other.png,keep_as_legitimate_land,"No proven defect; nearest Laggan 5.2px lon/lat -15.0517,54.7876",medium,pending,restore_legitimate,"No proven defect; nearest Laggan 5.2px lon/lat -15.0517,54.7876",proposed
e3_2615,7394,L001,"[1063.14, 1550.71]","[8139.14, 1692.71]",-15.0175,51.5395,Carsphairn,0.9,other,844.0,72,0.4918,6,4,2,False,72,contact_other.png,keep_as_legitimate_land,"No proven defect; nearest Carsphairn 0.9px lon/lat -15.0175,51.5395",medium,pending,restore_legitimate,"No proven defect; nearest Carsphairn 0.9px lon/lat -15.0175,51.5395",proposed
e3_2616,7395,L001,"[1221.74, 1615.51]","[8297.74, 1757.51]",-11.8025,50.2586,Whitby,16.2,atlantic_channel_britain_ireland,1183.0,97,0.4996,5,1,2,False,97,contact_atlantic_channel_britain_ireland.png,keep_as_legitimate_land,"No proven defect; nearest Whitby 16.2px lon/lat -11.8025,50.2586",medium,pending,restore_legitimate,"No proven defect; nearest Whitby 16.2px lon/lat -11.8025,50.2586",proposed
e3_2670,7449,L001,"[1081.7, 1748.17]","[8157.7, 1890.17]",-14.6412,47.6361,Dolgellau,4.7,other,741.5,70,0.5913,6,5,2,False,70,contact_other.png,keep_as_legitimate_land,"No proven defect; nearest Dolgellau 4.7px lon/lat -14.6412,47.6361",medium,pending,restore_legitimate,"No proven defect; nearest Dolgellau 4.7px lon/lat -14.6412,47.6361",proposed
e3_2671,7450,L001,"[1222.79, 1793.7]","[8298.79, 1935.7]",-11.7813,46.7362,Northampton,1.2,other,903.5,80,0.5388,5,4,2,False,80,contact_other.png,keep_as_legitimate_land,"No proven defect; nearest Northampton 1.2px lon/lat -11.7813,46.7362",medium,pending,restore_legitimate,"No proven defect; nearest Northampton 1.2px lon/lat -11.7813,46.7362",proposed
e3_2672,7451,L001,"[1340.41, 1788.04]","[8416.41, 1930.04]",-9.3971,46.8481,Beccles,12.6,other,713.5,51,0.5365,6,1,2,False,51,contact_other.png,keep_as_legitimate_land,"No proven defect; nearest Beccles 12.6px lon/lat -9.3971,46.8481",medium,pending,restore_legitimate,"No proven defect; nearest Beccles 12.6px lon/lat -9.3971,46.8481",proposed
e3_3349,12143,L001,"[1121.69, 1828.04]","[8197.69, 1970.04]",-13.8307,46.0573,Cwmbran,8.1,other,488.0,48,0.4225,4,5,2,False,48,contact_other.png,keep_as_legitimate_land,"No proven defect; nearest Cwmbran 8.1px lon/lat -13.8307,46.0573",medium,pending,restore_legitimate,"No proven defect; nearest Cwmbran 8.1px lon/lat -13.8307,46.0573",proposed
e3_3350,12144,L001,"[1178.65, 1819.7]","[8254.65, 1961.7]",-12.676,46.2222,Cheltenham,10.7,other,688.5,57,0.6346,5,4,2,False,57,contact_other.png,keep_as_legitimate_land,"No proven defect; nearest Cheltenham 10.7px lon/lat -12.676,46.2222",medium,pending,restore_legitimate,"No proven defect; nearest Cheltenham 10.7px lon/lat -12.676,46.2222",proposed
e3_3351,12145,L001,"[1315.65, 1774.13]","[8391.65, 1916.13]",-9.8989,47.1231,Thetford,12.2,other,718.0,55,0.4787,6,1,2,False,55,contact_other.png,keep_as_legitimate_land,"No proven defect; nearest Thetford 12.2px lon/lat -9.8989,47.1231",medium,pending,restore_legitimate,"No proven defect; nearest Thetford 12.2px lon/lat -9.8989,47.1231",proposed
e3_3352,12146,L001,"[1304.07, 1793.97]","[8380.07, 1935.97]",-10.1337,46.7308,Sudbury,8.3,other,711.0,72,0.6036,5,1,2,False,72,contact_other.png,keep_as_legitimate_land,"No proven defect; nearest Sudbury 8.3px lon/lat -10.1337,46.7308",medium,pending,restore_legitimate,"No proven defect; nearest Sudbury 8.3px lon/lat -10.1337,46.7308",proposed
e3_3353,12147,L001,"[1163.44, 1707.22]","[8239.44, 1849.22]",-12.9844,48.4457,Warrington,14.8,other,835.5,73,0.4997,7,4,2,False,73,contact_other.png,keep_as_legitimate_land,"No proven defect; nearest Warrington 14.8px lon/lat -12.9844,48.4457",medium,pending,restore_legitimate,"No proven defect; nearest Warrington 14.8px lon/lat -12.9844,48.4457",proposed
e3_3354,12148,L001,"[1069.02, 1577.45]","[8145.02, 1719.45]",-14.8983,51.0109,Kirkcudbright,2.5,other,388.0,51,0.5689,4,4,2,False,51,contact_other.png,keep_as_legitimate_land,"No proven defect; nearest Kirkcudbright 2.5px lon/lat -14.8983,51.0109",medium,pending,restore_legitimate,"No proven defect; nearest Kirkcudbright 2.5px lon/lat -14.8983,51.0109",proposed
e3_3355,12149,L001,"[1103.64, 1551.38]","[8179.64, 1693.38]",-14.1965,51.5262,Lockerbie,0.7,other,785.0,58,0.6057,7,8,2,False,58,contact_other.png,keep_as_legitimate_land,"No proven defect; nearest Lockerbie 0.7px lon/lat -14.1965,51.5262",medium,pending,restore_legitimate,"No proven defect; nearest Lockerbie 0.7px lon/lat -14.1965,51.5262",proposed
e3_3356,12150,L001,"[1048.0, 1512.31]","[8124.0, 1654.31]",-15.3243,52.2985,Ayr,14.8,other,826.0,71,0.5175,6,4,2,False,71,contact_other.png,keep_as_legitimate_land,"No proven defect; nearest Ayr 14.8px lon/lat -15.3243,52.2985",medium,pending,restore_legitimate,"No proven defect; nearest Ayr 14.8px lon/lat -15.3243,52.2985",proposed
e3_3357,12151,L001,"[1079.45, 1534.45]","[8155.45, 1676.45]",-14.6868,51.8608,Sanquhar,1.6,other,693.0,64,0.4936,5,4,2,False,64,contact_other.png,keep_as_legitimate_land,"No proven defect; nearest Sanquhar 1.6px lon/lat -14.6868,51.8608",medium,pending,restore_legitimate,"No proven defect; nearest Sanquhar 1.6px lon/lat -14.6868,51.8608",proposed
e3_3358,12152,L001,"[1094.16, 1464.03]","[8170.16, 1606.03]",-14.3886,53.2528,Dunfermline,11.3,other,792.0,61,0.6116,5,5,2,False,61,contact_other.png,keep_as_legitimate_land,"No proven defect; nearest Dunfermline 11.3px lon/lat -14.3886,53.2528",medium,pending,restore_legitimate,"No proven defect; nearest Dunfermline 11.3px lon/lat -14.3886,53.2528",proposed
e3_0824,824,L002,"[855.87, 1828.15]","[7931.87, 1970.15]",-19.2189,46.0552,Cork,8.4,other,457.0,67,0.4502,4,1,2,False,67,contact_other.png,keep_as_legitimate_island,"Member of Ireland land component; nearest city Cork (8.4px); lon/lat -19.2189,46.0552",high,pending,restore_legitimate,"Member of Ireland land component; nearest city Cork (8.4px); lon/lat -19.2189,46.0552",proposed
e3_0883,883,L002,"[982.78, 1628.8]","[8058.78, 1770.8]",-16.6463,49.9959,Downpatrick,8.5,other,778.5,79,0.4764,4,1,2,False,79,contact_other.png,keep_as_legitimate_island,"Member of Ireland land component; nearest city Downpatrick (8.5px); lon/lat -16.6463,49.9959",high,pending,restore_legitimate,"Member of Ireland land component; nearest city Downpatrick (8.5px); lon/lat -16.6463,49.9959",proposed
e3_0914,915,L002,"[986.01, 1607.15]","[8062.01, 1749.15]",-16.5809,50.4239,Belfast,10.0,other,789.5,96,0.5483,6,1,2,False,96,contact_other.png,keep_as_legitimate_island,"Member of Ireland land component; nearest city Belfast (10.0px); lon/lat -16.5809,50.4239",high,pending,restore_legitimate,"Member of Ireland land component; nearest city Belfast (10.0px); lon/lat -16.5809,50.4239",proposed
e3_0915,916,L002,"[850.62, 1642.14]","[7926.62, 1784.14]",-19.3253,49.7321,Ballymote,4.5,other,766.0,79,0.4929,5,4,2,False,79,contact_other.png,keep_as_legitimate_island,"Member of Ireland land component; nearest city Ballymote (4.5px); lon/lat -19.3253,49.7321",high,pending,restore_legitimate,"Member of Ireland land component; nearest city Ballymote (4.5px); lon/lat -19.3253,49.7321",proposed
e3_0916,917,L002,"[867.0, 1587.55]","[7943.0, 1729.55]",-18.9932,50.8112,Donegal,10.2,other,1086.5,134,0.4556,6,4,2,False,134,contact_other.png,keep_as_legitimate_island,"Member of Ireland land component; nearest city Donegal (10.2px); lon/lat -18.9932,50.8112",high,pending,restore_legitimate,"Member of Ireland land component; nearest city Donegal (10.2px); lon/lat -18.9932,50.8112",proposed
e3_0917,918,L002,"[944.68, 1790.71]","[8020.68, 1932.71]",-17.4187,46.7952,Wexford,9.2,other,510.5,59,0.6165,4,1,2,False,59,contact_other.png,keep_as_legitimate_island,"Member of Ireland land component; nearest city Wexford (9.2px); lon/lat -17.4187,46.7952",high,pending,restore_legitimate,"Member of Ireland land component; nearest city Wexford (9.2px); lon/lat -17.4187,46.7952",proposed
e3_0918,919,L002,"[945.14, 1748.33]","[8021.14, 1890.33]",-17.4093,47.633,Ballon,6.2,other,809.5,79,0.4579,5,1,2,False,79,contact_other.png,keep_as_legitimate_island,"Member of Ireland land component; nearest city Ballon (6.2px); lon/lat -17.4093,47.633",high,pending,restore_legitimate,"Member of Ireland land component; nearest city Ballon (6.2px); lon/lat -17.4093,47.633",proposed
e3_0919,920,L002,"[965.33, 1702.05]","[8041.33, 1844.05]",-17.0,48.5479,Dublin,1.3,other,599.5,84,0.4866,5,1,2,False,84,contact_other.png,keep_as_legitimate_island,"Member of Ireland land component; nearest city Dublin (1.3px); lon/lat -17.0,48.5479",high,pending,restore_legitimate,"Member of Ireland land component; nearest city Dublin (1.3px); lon/lat -17.0,48.5479",proposed
e3_0920,921,L002,"[938.45, 1718.69]","[8014.45, 1860.69]",-17.545,48.2189,Carlow,23.9,other,1272.0,116,0.4622,9,1,2,False,116,contact_other.png,keep_as_legitimate_island,"Member of Ireland land component; nearest city Carlow (23.9px); lon/lat -17.545,48.2189",high,pending,restore_legitimate,"Member of Ireland land component; nearest city Carlow (23.9px); lon/lat -17.545,48.2189",proposed
e3_0921,922,L002,"[920.08, 1779.08]","[7996.08, 1921.08]",-17.9173,47.0252,Waterford,11.1,other,541.0,50,0.5635,6,1,2,False,50,contact_other.png,keep_as_legitimate_island,"Member of Ireland land component; nearest city Waterford (11.1px); lon/lat -17.9173,47.0252",high,pending,restore_legitimate,"Member of Ireland land component; nearest city Waterford (11.1px); lon/lat -17.9173,47.0252",proposed
e3_0922,923,L002,"[889.19, 1773.26]","[7965.19, 1915.26]",-18.5435,47.1401,Clonmel,9.1,other,694.5,53,0.5744,5,1,2,False,53,contact_other.png,keep_as_legitimate_island,"Member of Ireland land component; nearest city Clonmel (9.1px); lon/lat -18.5435,47.1401",high,pending,restore_legitimate,"Member of Ireland land component; nearest city Clonmel (9.1px); lon/lat -18.5435,47.1401",proposed
e3_0923,924,L002,"[806.08, 1846.42]","[7882.08, 1988.42]",-20.228,45.694,Skibbereen,11.0,other,467.0,83,0.4805,4,1,2,False,83,contact_other.png,keep_as_legitimate_island,"Member of Ireland land component; nearest city Skibbereen (11.0px); lon/lat -20.228,45.694",high,pending,restore_legitimate,"Member of Ireland land component; nearest city Skibbereen (11.0px); lon/lat -20.228,45.694",proposed
e3_0924,925,L002,"[811.72, 1805.11]","[7887.72, 1947.11]",-20.1138,46.5105,Killarney,7.9,other,520.5,61,0.4797,5,4,2,False,61,contact_other.png,keep_as_legitimate_island,"Member of Ireland land component; nearest city Killarney (7.9px); lon/lat -20.1138,46.5105",high,pending,restore_legitimate,"Member of Ireland land component; nearest city Killarney (7.9px); lon/lat -20.1138,46.5105",proposed
e3_0925,926,L002,"[815.73, 1700.92]","[7891.73, 1842.92]",-20.0324,48.5702,Cong,12.9,other,664.0,49,0.6909,4,4,2,False,49,contact_other.png,keep_as_legitimate_island,"Member of Ireland land component; nearest city Cong (12.9px); lon/lat -20.0324,48.5702",high,pending,restore_legitimate,"Member of Ireland land component; nearest city Cong (12.9px); lon/lat -20.0324,48.5702",proposed
e3_0926,927,L002,"[791.8, 1641.6]","[7867.8, 1783.6]",-20.5176,49.7428,Belmullet,14.6,other,1177.0,158,0.5885,5,4,2,False,158,contact_other.png,keep_as_legitimate_island,"Member of Ireland land component; nearest city Belmullet (14.6px); lon/lat -20.5176,49.7428",high,pending,restore_legitimate,"Member of Ireland land component; nearest city Belmullet (14.6px); lon/lat -20.5176,49.7428",proposed
e3_0927,928,L002,"[866.05, 1797.45]","[7942.05, 1939.45]",-19.0126,46.6619,Mallow,16.1,other,740.5,66,0.5803,6,1,2,False,66,contact_other.png,keep_as_legitimate_island,"Member of Ireland land component; nearest city Mallow (16.1px); lon/lat -19.0126,46.6619",high,pending,restore_legitimate,"Member of Ireland land component; nearest city Mallow (16.1px); lon/lat -19.0126,46.6619",proposed
e3_0928,929,L002,"[823.84, 1780.77]","[7899.84, 1922.77]",-19.8682,46.9917,Adare,17.0,other,736.5,79,0.465,6,4,2,False,79,contact_other.png,keep_as_legitimate_island,"Member of Ireland land component; nearest city Adare (17.0px); lon/lat -19.8682,46.9917",high,pending,restore_legitimate,"Member of Ireland land component; nearest city Adare (17.0px); lon/lat -19.8682,46.9917",proposed
e3_0929,930,L002,"[870.93, 1752.5]","[7946.93, 1894.5]",-18.9135,47.5507,Nenagh,7.6,other,1115.0,123,0.4978,8,4,2,False,123,contact_other.png,keep_as_legitimate_island,"Member of Ireland land component; nearest city Nenagh (7.6px); lon/lat -18.9135,47.5507",high,pending,restore_legitimate,"Member of Ireland land component; nearest city Nenagh (7.6px); lon/lat -18.9135,47.5507",proposed
e3_0930,931,L002,"[847.49, 1748.55]","[7923.49, 1890.55]",-19.3887,47.6287,Limerick,8.5,other,921.5,104,0.5851,7,4,2,False,104,contact_other.png,keep_as_legitimate_island,"Member of Ireland land component; nearest city Limerick (8.5px); lon/lat -19.3887,47.6287",high,pending,restore_legitimate,"Member of Ireland land component; nearest city Limerick (8.5px); lon/lat -19.3887,47.6287",proposed
e3_0931,932,L002,"[911.08, 1732.81]","[7987.08, 1874.81]",-18.0997,47.9399,Portlaoise,3.4,other,696.5,62,0.5853,3,1,2,False,62,contact_other.png,keep_as_legitimate_island,"Member of Ireland land component; nearest city Portlaoise (3.4px); lon/lat -18.0997,47.9399",high,pending,restore_legitimate,"Member of Ireland land component; nearest city Portlaoise (3.4px); lon/lat -18.0997,47.9399",proposed
e3_0932,933,L002,"[868.82, 1702.43]","[7944.82, 1844.43]",-18.9564,48.5403,Athlone,11.5,other,1298.5,122,0.3757,6,4,2,False,122,contact_other.png,keep_as_legitimate_island,"Member of Ireland land component; nearest city Athlone (11.5px); lon/lat -18.9564,48.5403",high,pending,restore_legitimate,"Member of Ireland land component; nearest city Athlone (11.5px); lon/lat -18.9564,48.5403",proposed
e3_0933,934,L002,"[844.06, 1706.54]","[7920.06, 1848.54]",-19.4582,48.459,Galway,12.3,other,1119.5,114,0.4065,7,4,2,False,114,contact_other.png,keep_as_legitimate_island,"Member of Ireland land component; nearest city Galway (12.3px); lon/lat -19.4582,48.459",high,pending,restore_legitimate,"Member of Ireland land component; nearest city Galway (12.3px); lon/lat -19.4582,48.459",proposed
e3_0934,935,L002,"[826.0, 1638.79]","[7902.0, 1780.79]",-19.8243,49.7984,Ballina,3.2,other,633.5,80,0.4763,4,4,2,False,80,contact_other.png,keep_as_legitimate_island,"Member of Ireland land component; nearest city Ballina (3.2px); lon/lat -19.8243,49.7984",high,pending,restore_legitimate,"Member of Ireland land component; nearest city Ballina (3.2px); lon/lat -19.8243,49.7984",proposed
e3_0935,936,L002,"[949.56, 1647.97]","[8025.56, 1789.97]",-17.3197,49.6169,Dundalk,7.7,other,730.5,98,0.4058,7,1,2,False,98,contact_other.png,keep_as_legitimate_island,"Member of Ireland land component; nearest city Dundalk (7.7px); lon/lat -17.3197,49.6169",high,pending,restore_legitimate,"Member of Ireland land component; nearest city Dundalk (7.7px); lon/lat -17.3197,49.6169",proposed
e3_0936,937,L002,"[943.14, 1615.68]","[8019.14, 1757.68]",-17.4498,50.2552,Dungannon,9.6,other,463.5,56,0.4682,5,1,2,False,56,contact_other.png,keep_as_legitimate_island,"Member of Ireland land component; nearest city Dungannon (9.6px); lon/lat -17.4498,50.2552",high,pending,restore_legitimate,"Member of Ireland land component; nearest city Dungannon (9.6px); lon/lat -17.4498,50.2552",proposed
e3_0937,938,L002,"[897.09, 1623.3]","[7973.09, 1765.3]",-18.3832,50.1046,Enniskillen,2.3,other,899.0,74,0.4859,4,4,2,False,74,contact_other.png,keep_as_legitimate_island,"Member of Ireland land component; nearest city Enniskillen (2.3px); lon/lat -18.3832,50.1046",high,pending,restore_legitimate,"Member of Ireland land component; nearest city Enniskillen (2.3px); lon/lat -18.3832,50.1046",proposed
e3_0938,939,L002,"[924.68, 1572.99]","[8000.68, 1714.99]",-17.8241,51.0991,Derry,13.6,other,1073.0,81,0.5189,5,1,2,False,81,contact_other.png,keep_as_legitimate_island,"Member of Ireland land component; nearest city Derry (13.6px); lon/lat -17.8241,51.0991",high,pending,restore_legitimate,"Member of Ireland land component; nearest city Derry (13.6px); lon/lat -17.8241,51.0991",proposed
e3_0939,940,L002,"[957.9, 1566.94]","[8033.9, 1708.94]",-17.1508,51.2186,Ballymena,9.9,other,1158.0,86,0.6625,4,1,2,False,86,contact_other.png,keep_as_legitimate_island,"Member of Ireland land component; nearest city Ballymena (9.9px); lon/lat -17.1508,51.2186",high,pending,restore_legitimate,"Member of Ireland land component; nearest city Ballymena (9.9px); lon/lat -17.1508,51.2186",proposed
e3_0940,941,L002,"[878.92, 1663.84]","[7954.92, 1805.84]",-18.7516,49.3031,Roscommon,17.1,other,1205.0,90,0.493,6,4,2,False,90,contact_other.png,keep_as_legitimate_island,"Member of Ireland land component; nearest city Roscommon (17.1px); lon/lat -18.7516,49.3031",high,pending,restore_legitimate,"Member of Ireland land component; nearest city Roscommon (17.1px); lon/lat -18.7516,49.3031",proposed
e3_0941,942,L002,"[918.13, 1642.02]","[7994.13, 1784.02]",-17.9568,49.7345,Cavan,10.7,other,1064.5,114,0.4014,9,1,2,False,114,contact_other.png,keep_as_legitimate_island,"Member of Ireland land component; nearest city Cavan (10.7px); lon/lat -17.9568,49.7345",high,pending,restore_legitimate,"Member of Ireland land component; nearest city Cavan (10.7px); lon/lat -17.9568,49.7345",proposed
e3_0942,943,L002,"[870.03, 1626.51]","[7946.03, 1768.51]",-18.9318,50.0412,Sligo,13.0,other,1015.0,91,0.4394,6,4,2,False,91,contact_other.png,keep_as_legitimate_island,"Member of Ireland land component; nearest city Sligo (13.0px); lon/lat -18.9318,50.0412",high,pending,restore_legitimate,"Member of Ireland land component; nearest city Sligo (13.0px); lon/lat -18.9318,50.0412",proposed
e3_0943,944,L002,"[907.64, 1559.93]","[7983.64, 1701.93]",-18.1695,51.3572,Derry,8.1,other,926.5,118,0.3386,6,4,2,False,118,contact_other.png,keep_as_legitimate_island,"Member of Ireland land component; nearest city Derry (8.1px); lon/lat -18.1695,51.3572",high,pending,restore_legitimate,"Member of Ireland land component; nearest city Derry (8.1px); lon/lat -18.1695,51.3572",proposed
e3_0944,945,L002,"[836.4, 1806.93]","[7912.4, 1948.93]",-19.6135,46.4746,Macroom,11.1,other,924.0,90,0.4889,8,1,2,False,90,contact_other.png,keep_as_legitimate_island,"Member of Ireland land component; nearest city Macroom (11.1px); lon/lat -19.6135,46.4746",high,pending,restore_legitimate,"Member of Ireland land component; nearest city Macroom (11.1px); lon/lat -19.6135,46.4746",proposed
e3_0945,946,L002,"[926.72, 1674.54]","[8002.72, 1816.54]",-17.7828,49.0916,Kells,5.5,other,730.5,74,0.5073,5,1,2,False,74,contact_other.png,keep_as_legitimate_island,"Member of Ireland land component; nearest city Kells (5.5px); lon/lat -17.7828,49.0916",high,pending,restore_legitimate,"Member of Ireland land component; nearest city Kells (5.5px); lon/lat -17.7828,49.0916",proposed
e3_0946,947,L002,"[902.23, 1683.19]","[7978.23, 1825.19]",-18.2792,48.9207,Mullingar,10.3,other,1267.5,102,0.5669,6,4,2,False,102,contact_other.png,keep_as_legitimate_island,"Member of Ireland land component; nearest city Mullingar (10.3px); lon/lat -18.2792,48.9207",high,pending,restore_legitimate,"Member of Ireland land component; nearest city Mullingar (10.3px); lon/lat -18.2792,48.9207",proposed
e3_0947,948,L002,"[826.76, 1727.55]","[7902.76, 1869.55]",-19.8089,48.0438,Doolin,11.3,other,557.0,75,0.4925,4,4,2,False,75,contact_other.png,keep_as_legitimate_island,"Member of Ireland land component; nearest city Doolin (11.3px); lon/lat -19.8089,48.0438",high,pending,restore_legitimate,"Member of Ireland land component; nearest city Doolin (11.3px); lon/lat -19.8089,48.0438",proposed
e3_1431,2266,L002,"[798.98, 1832.96]","[7874.98, 1974.96]",-20.3721,45.96,Bantry,9.1,other,592.5,83,0.3715,6,1,2,False,83,contact_other.png,keep_as_legitimate_island,"Member of Ireland land component; nearest city Bantry (9.1px); lon/lat -20.3721,45.96",high,pending,restore_legitimate,"Member of Ireland land component; nearest city Bantry (9.1px); lon/lat -20.3721,45.96",proposed
e3_1860,3680,L002,"[956.35, 1630.44]","[8032.35, 1772.44]",-17.1821,49.9634,Newry,4.0,other,639.5,57,0.6661,4,1,2,False,57,contact_other.png,keep_as_legitimate_island,"Member of Ireland land component; nearest city Newry (4.0px); lon/lat -17.1821,49.9634",high,pending,restore_legitimate,"Member of Ireland land component; nearest city Newry (4.0px); lon/lat -17.1821,49.9634",proposed
e3_2121,6476,L002,"[965.35, 1734.67]","[8041.35, 1876.67]",-16.9996,47.9031,Arklow,10.7,other,592.5,57,0.529,5,1,2,False,57,contact_other.png,keep_as_legitimate_island,"Member of Ireland land component; nearest city Arklow (10.7px); lon/lat -16.9996,47.9031",high,pending,restore_legitimate,"Member of Ireland land component; nearest city Arklow (10.7px); lon/lat -16.9996,47.9031",proposed
e3_2123,6478,L002,"[787.16, 1791.35]","[7863.16, 1933.35]",-20.6115,46.7825,Tralee,9.9,other,896.5,110,0.4229,4,4,2,False,110,contact_other.png,keep_as_legitimate_island,"Member of Ireland land component; nearest city Tralee (9.9px); lon/lat -20.6115,46.7825",high,pending,restore_legitimate,"Member of Ireland land component; nearest city Tralee (9.9px); lon/lat -20.6115,46.7825",proposed
e3_2124,6479,L002,"[954.94, 1769.24]","[8030.94, 1911.24]",-17.2107,47.2196,Gorey,12.4,other,687.5,66,0.5185,5,1,2,False,66,contact_other.png,keep_as_legitimate_island,"Member of Ireland land component; nearest city Gorey (12.4px); lon/lat -17.2107,47.2196",high,pending,restore_legitimate,"Member of Ireland land component; nearest city Gorey (12.4px); lon/lat -17.2107,47.2196",proposed
e3_2125,6480,L002,"[849.77, 1777.78]","[7925.77, 1919.78]",-19.3425,47.0508,Bruree,5.5,other,718.0,78,0.4199,5,4,2,False,78,contact_other.png,keep_as_legitimate_island,"Member of Ireland land component; nearest city Bruree (5.5px); lon/lat -19.3425,47.0508",high,pending,restore_legitimate,"Member of Ireland land component; nearest city Bruree (5.5px); lon/lat -19.3425,47.0508",proposed
e3_2126,6481,L002,"[879.34, 1813.83]","[7955.34, 1955.83]",-18.7432,46.3382,Midleton,6.0,other,648.5,77,0.4412,5,1,2,False,77,contact_other.png,keep_as_legitimate_island,"Member of Ireland land component; nearest city Midleton (6.0px); lon/lat -18.7432,46.3382",high,pending,restore_legitimate,"Member of Ireland land component; nearest city Midleton (6.0px); lon/lat -18.7432,46.3382",proposed
e3_2127,6482,L002,"[903.9, 1794.75]","[7979.9, 1936.75]",-18.2452,46.7153,Tramore,14.7,other,786.5,73,0.5424,7,1,2,False,73,contact_other.png,keep_as_legitimate_island,"Member of Ireland land component; nearest city Tramore (14.7px); lon/lat -18.2452,46.7153",high,pending,restore_legitimate,"Member of Ireland land component; nearest city Tramore (14.7px); lon/lat -18.2452,46.7153",proposed
e3_2128,6483,L002,"[905.96, 1749.48]","[7981.96, 1891.48]",-18.2034,47.6103,Kilkenny,13.1,other,1165.5,111,0.4351,7,4,2,False,111,contact_other.png,keep_as_legitimate_island,"Member of Ireland land component; nearest city Kilkenny (13.1px); lon/lat -18.2034,47.6103",high,pending,restore_legitimate,"Member of Ireland land component; nearest city Kilkenny (13.1px); lon/lat -18.2034,47.6103",proposed
e3_2129,6484,L002,"[811.28, 1756.35]","[7887.28, 1898.35]",-20.1227,47.4744,Ennis,19.4,other,648.0,93,0.4447,4,4,2,False,93,contact_other.png,keep_as_legitimate_island,"Member of Ireland land component; nearest city Ennis (19.4px); lon/lat -20.1227,47.4744",high,pending,restore_legitimate,"Member of Ireland land component; nearest city Ennis (19.4px); lon/lat -20.1227,47.4744",proposed
e3_2130,6485,L002,"[781.62, 1819.14]","[7857.62, 1961.14]",-20.724,46.2332,Sneem,6.3,other,686.5,76,0.5401,4,4,2,False,76,contact_other.png,keep_as_legitimate_island,"Member of Ireland land component; nearest city Sneem (6.3px); lon/lat -20.724,46.2332",high,pending,restore_legitimate,"Member of Ireland land component; nearest city Sneem (6.3px); lon/lat -20.724,46.2332",proposed
e3_2131,6486,L002,"[794.02, 1685.91]","[7870.02, 1827.91]",-20.4725,48.8669,Cong,22.1,other,1148.0,134,0.4523,4,4,2,False,134,contact_other.png,keep_as_legitimate_island,"Member of Ireland land component; nearest city Cong (22.1px); lon/lat -20.4725,48.8669",high,pending,restore_legitimate,"Member of Ireland land component; nearest city Cong (22.1px); lon/lat -20.4725,48.8669",proposed
e3_2132,6487,L002,"[838.79, 1669.79]","[7914.79, 1811.79]",-19.5651,49.1856,Knock,5.1,other,1212.5,95,0.5979,8,4,2,False,95,contact_other.png,keep_as_legitimate_island,"Member of Ireland land component; nearest city Knock (5.1px); lon/lat -19.5651,49.1856",high,pending,restore_legitimate,"Member of Ireland land component; nearest city Knock (5.1px); lon/lat -19.5651,49.1856",proposed
e3_2133,6488,L002,"[904.19, 1714.51]","[7980.19, 1856.51]",-18.2394,48.3016,Tullamore,3.5,other,776.0,73,0.4663,6,4,2,False,73,contact_other.png,keep_as_legitimate_island,"Member of Ireland land component; nearest city Tullamore (3.5px); lon/lat -18.2394,48.3016",high,pending,restore_legitimate,"Member of Ireland land component; nearest city Tullamore (3.5px); lon/lat -18.2394,48.3016",proposed
e3_2248,6603,L002,"[950.93, 1679.25]","[8026.93, 1821.25]",-17.2919,48.9985,Drogheda,8.7,other,882.0,76,0.514,5,1,2,False,76,contact_other.png,keep_as_legitimate_island,"Member of Ireland land component; nearest city Drogheda (8.7px); lon/lat -17.2919,48.9985",high,pending,restore_legitimate,"Member of Ireland land component; nearest city Drogheda (8.7px); lon/lat -17.2919,48.9985",proposed
e3_2249,6604,L002,"[903.68, 1604.15]","[7979.68, 1746.15]",-18.2498,50.483,Dromore,3.3,other,680.0,71,0.4376,6,4,2,False,71,contact_other.png,keep_as_legitimate_island,"Member of Ireland land component; nearest city Dromore (3.3px); lon/lat -18.2498,50.483",high,pending,restore_legitimate,"Member of Ireland land component; nearest city Dromore (3.3px); lon/lat -18.2498,50.483",proposed
e3_2250,6605,L002,"[885.82, 1557.82]","[7961.82, 1699.82]",-18.6118,51.3989,Milford,8.3,other,749.5,105,0.5205,3,4,2,False,105,contact_other.png,keep_as_legitimate_island,"Member of Ireland land component; nearest city Milford (8.3px); lon/lat -18.6118,51.3989",high,pending,restore_legitimate,"Member of Ireland land component; nearest city Milford (8.3px); lon/lat -18.6118,51.3989",proposed
e3_2312,6670,L002,"[934.22, 1598.14]","[8010.22, 1740.14]",-17.6306,50.6019,Dungannon,10.1,other,832.0,72,0.5283,5,1,2,False,72,contact_other.png,keep_as_legitimate_island,"Member of Ireland land component; nearest city Dungannon (10.1px); lon/lat -17.6306,50.6019",high,pending,restore_legitimate,"Member of Ireland land component; nearest city Dungannon (10.1px); lon/lat -17.6306,50.6019",proposed
e3_2313,6671,L002,"[976.58, 1583.58]","[8052.58, 1725.58]",-16.772,50.8897,Ballyclare,1.5,other,668.5,79,0.4642,3,1,2,False,79,contact_other.png,keep_as_legitimate_island,"Member of Ireland land component; nearest city Ballyclare (1.5px); lon/lat -16.772,50.8897",high,pending,restore_legitimate,"Member of Ireland land component; nearest city Ballyclare (1.5px); lon/lat -16.772,50.8897",proposed
e3_3359,12153,L002,"[835.88, 1838.0]","[7911.88, 1980.0]",-19.6241,45.8605,Clonakilty,3.2,other,475.5,50,0.6532,5,1,2,False,50,contact_other.png,keep_as_legitimate_island,"Member of Ireland land component; nearest city Clonakilty (3.2px); lon/lat -19.6241,45.8605",high,pending,restore_legitimate,"Member of Ireland land component; nearest city Clonakilty (3.2px); lon/lat -19.6241,45.8605",proposed
e3_0949,950,L003,"[162.61, 635.07]","[7238.61, 777.07]",-33.2714,69.6393,Hólmavík,48.9,atlantic_iceland_approaches,8377.0,847,0.463,3,5,2,False,847,contact_atlantic_iceland_approaches.png,keep_as_legitimate_land,"No proven defect; nearest Hólmavík 48.9px lon/lat -33.2714,69.6393",medium,pending,restore_legitimate,"No proven defect; nearest Hólmavík 48.9px lon/lat -33.2714,69.6393",proposed
e3_0950,951,L003,"[195.68, 800.85]","[7271.68, 942.85]",-32.6011,66.3623,Reykjavík,15.9,atlantic_iceland_approaches,1678.0,131,0.5993,4,5,2,False,131,contact_atlantic_iceland_approaches.png,keep_as_legitimate_land,"No proven defect; nearest Reykjavík 15.9px lon/lat -32.6011,66.3623",medium,pending,restore_legitimate,"No proven defect; nearest Reykjavík 15.9px lon/lat -32.6011,66.3623",proposed
e3_0951,952,L003,"[176.27, 717.23]","[7252.27, 859.23]",-32.9946,68.0152,Grundarfjörður,37.3,atlantic_iceland_approaches,4025.5,332,0.3482,6,5,2,False,332,contact_atlantic_iceland_approaches.png,keep_as_legitimate_land,"No proven defect; nearest Grundarfjörður 37.3px lon/lat -32.9946,68.0152",medium,pending,restore_legitimate,"No proven defect; nearest Grundarfjörður 37.3px lon/lat -32.9946,68.0152",proposed
e3_0952,953,L003,"[345.38, 827.17]","[7421.38, 969.17]",-29.5667,65.8419,Vik,18.1,atlantic_iceland_approaches,1881.0,104,0.5296,5,5,2,False,104,contact_atlantic_iceland_approaches.png,keep_as_legitimate_land,"No proven defect; nearest Vik 18.1px lon/lat -29.5667,65.8419",medium,pending,restore_legitimate,"No proven defect; nearest Vik 18.1px lon/lat -29.5667,65.8419",proposed
e3_0953,954,L003,"[395.99, 805.05]","[7471.99, 947.05]",-28.5408,66.2792,Kalfafell,8.3,atlantic_iceland_approaches,3466.5,168,0.5534,4,11,2,False,168,contact_atlantic_iceland_approaches.png,keep_as_legitimate_land,"No proven defect; nearest Kalfafell 8.3px lon/lat -28.5408,66.2792",medium,pending,restore_legitimate,"No proven defect; nearest Kalfafell 8.3px lon/lat -28.5408,66.2792",proposed
e3_0954,955,L003,"[464.65, 778.9]","[7540.65, 920.9]",-27.149,66.7962,Fagurhólsmýri,27.5,atlantic_iceland_approaches,4783.0,261,0.5451,5,11,2,False,261,contact_atlantic_iceland_approaches.png,keep_as_legitimate_land,"No proven defect; nearest Fagurhólsmýri 27.5px lon/lat -27.149,66.7962",medium,pending,restore_legitimate,"No proven defect; nearest Fagurhólsmýri 27.5px lon/lat -27.149,66.7962",proposed
e3_0955,956,L003,"[538.52, 748.03]","[7614.52, 890.03]",-25.6516,67.4064,Höfn,26.7,atlantic_iceland_approaches,3811.0,316,0.4442,5,11,2,False,316,contact_atlantic_iceland_approaches.png,keep_as_legitimate_land,"No proven defect; nearest Höfn 26.7px lon/lat -25.6516,67.4064",medium,pending,restore_legitimate,"No proven defect; nearest Höfn 26.7px lon/lat -25.6516,67.4064",proposed
e3_0956,957,L003,"[587.56, 697.02]","[7663.56, 839.02]",-24.6576,68.4148,Egilsstaðir,18.9,atlantic_iceland_approaches,3238.5,263,0.5611,3,11,2,False,263,contact_atlantic_iceland_approaches.png,keep_as_legitimate_land,"No proven defect; nearest Egilsstaðir 18.9px lon/lat -24.6576,68.4148",medium,pending,restore_legitimate,"No proven defect; nearest Egilsstaðir 18.9px lon/lat -24.6576,68.4148",proposed
e3_0957,958,L003,"[455.94, 689.97]","[7531.94, 831.97]",-27.3255,68.5541,Reykjahlíð,38.0,atlantic_iceland_approaches,9494.5,328,0.4895,8,11,2,False,328,contact_atlantic_iceland_approaches.png,keep_as_legitimate_land,"No proven defect; nearest Reykjahlíð 38.0px lon/lat -27.3255,68.5541",medium,pending,restore_legitimate,"No proven defect; nearest Reykjahlíð 38.0px lon/lat -27.3255,68.5541",proposed
e3_0958,959,L003,"[298.61, 760.88]","[7374.61, 902.88]",-30.5147,67.1524,Reykholt,23.6,atlantic_iceland_approaches,3634.0,159,0.4979,6,5,2,False,159,contact_atlantic_iceland_approaches.png,keep_as_legitimate_land,"No proven defect; nearest Reykholt 23.6px lon/lat -30.5147,67.1524",medium,pending,restore_legitimate,"No proven defect; nearest Reykholt 23.6px lon/lat -30.5147,67.1524",proposed
e3_0959,960,L003,"[358.4, 768.65]","[7434.4, 910.65]",-29.3026,66.9988,Hruni,54.6,atlantic_iceland_approaches,6300.5,215,0.5326,7,11,2,False,215,contact_atlantic_iceland_approaches.png,keep_as_legitimate_land,"No proven defect; nearest Hruni 54.6px lon/lat -29.3026,66.9988",medium,pending,restore_legitimate,"No proven defect; nearest Hruni 54.6px lon/lat -29.3026,66.9988",proposed
e3_0960,961,L003,"[250.76, 730.3]","[7326.76, 872.3]",-31.4845,67.7568,Reykholt,21.1,atlantic_iceland_approaches,2890.5,135,0.4556,4,5,2,False,135,contact_atlantic_iceland_approaches.png,keep_as_legitimate_land,"No proven defect; nearest Reykholt 21.1px lon/lat -31.4845,67.7568",medium,pending,restore_legitimate,"No proven defect; nearest Reykholt 21.1px lon/lat -31.4845,67.7568",proposed
e3_0961,962,L003,"[458.13, 622.85]","[7534.13, 764.85]",-27.2811,69.8808,Reykjahlíð,32.1,atlantic_iceland_approaches,4802.0,241,0.4455,3,11,2,False,241,contact_atlantic_iceland_approaches.png,keep_as_legitimate_land,"No proven defect; nearest Reykjahlíð 32.1px lon/lat -27.2811,69.8808",medium,pending,restore_legitimate,"No proven defect; nearest Reykjahlíð 32.1px lon/lat -27.2811,69.8808",proposed
e3_0962,963,L003,"[375.97, 644.53]","[7451.97, 786.53]",-28.9465,69.4522,Akureyri,12.4,atlantic_iceland_approaches,6896.5,329,0.5864,3,11,2,False,329,contact_atlantic_iceland_approaches.png,keep_as_legitimate_land,"No proven defect; nearest Akureyri 12.4px lon/lat -28.9465,69.4522",medium,pending,restore_legitimate,"No proven defect; nearest Akureyri 12.4px lon/lat -28.9465,69.4522",proposed
e3_0963,964,L003,"[295.89, 674.33]","[7371.89, 816.33]",-30.5699,68.8632,Víðidalstunga,28.4,atlantic_iceland_approaches,9216.0,323,0.5112,7,11,2,False,323,contact_atlantic_iceland_approaches.png,keep_as_legitimate_land,"No proven defect; nearest Víðidalstunga 28.4px lon/lat -30.5699,68.8632",medium,pending,restore_legitimate,"No proven defect; nearest Víðidalstunga 28.4px lon/lat -30.5699,68.8632",proposed
e3_2374,6847,L003,"[224.76, 764.55]","[7300.76, 906.55]",-32.0116,67.0798,Reykholt,25.6,atlantic_iceland_approaches,1963.5,160,0.4803,6,5,2,False,160,contact_atlantic_iceland_approaches.png,keep_as_legitimate_land,"No proven defect; nearest Reykholt 25.6px lon/lat -32.0116,67.0798",medium,pending,restore_legitimate,"No proven defect; nearest Reykholt 25.6px lon/lat -32.0116,67.0798",proposed
e3_2375,6848,L003,"[255.82, 797.32]","[7331.82, 939.32]",-31.382,66.4321,Selfoss,11.3,atlantic_iceland_approaches,917.5,85,0.5137,5,5,2,False,85,contact_atlantic_iceland_approaches.png,keep_as_legitimate_land,"No proven defect; nearest Selfoss 11.3px lon/lat -31.382,66.4321",medium,pending,restore_legitimate,"No proven defect; nearest Selfoss 11.3px lon/lat -31.382,66.4321",proposed
e3_2376,6849,L003,"[287.69, 817.01]","[7363.69, 959.01]",-30.736,66.0428,Hella,13.1,atlantic_iceland_approaches,1909.0,104,0.6239,5,5,2,False,104,contact_atlantic_iceland_approaches.png,keep_as_legitimate_land,"No proven defect; nearest Hella 13.1px lon/lat -30.736,66.0428",medium,pending,restore_legitimate,"No proven defect; nearest Hella 13.1px lon/lat -30.736,66.0428",proposed
e3_2377,6850,L003,"[526.64, 619.34]","[7602.64, 761.34]",-25.8925,69.9502,Bakkafjörður,19.7,atlantic_iceland_approaches,2743.5,206,0.4753,3,11,2,False,206,contact_atlantic_iceland_approaches.png,keep_as_legitimate_land,"No proven defect; nearest Bakkafjörður 19.7px lon/lat -25.8925,69.9502",medium,pending,restore_legitimate,"No proven defect; nearest Bakkafjörður 19.7px lon/lat -25.8925,69.9502",proposed
e3_2378,6851,L003,"[539.28, 674.27]","[7615.28, 816.27]",-25.6362,68.8645,Hof,20.3,atlantic_iceland_approaches,2748.5,145,0.5408,4,11,2,False,145,contact_atlantic_iceland_approaches.png,keep_as_legitimate_land,"No proven defect; nearest Hof 20.3px lon/lat -25.6362,68.8645",medium,pending,restore_legitimate,"No proven defect; nearest Hof 20.3px lon/lat -25.6362,68.8645",proposed
e3_0116,116,L004,"[2003.63, 2842.97]","[9079.63, 2984.97]",4.0465,25.9947,Syracuse,6.7,other,787.5,78,0.5114,5,8,2,False,78,contact_other.png,keep_as_legitimate_land,"No proven defect; nearest Syracuse 6.7px lon/lat 4.0465,25.9947",medium,pending,restore_legitimate,"No proven defect; nearest Syracuse 6.7px lon/lat 4.0465,25.9947",proposed
e3_0117,117,L004,"[1984.69, 2848.79]","[9060.69, 2990.79]",3.6626,25.8797,Ragusa,0.9,other,701.5,58,0.6202,4,8,2,False,58,contact_other.png,keep_as_legitimate_land,"No proven defect; nearest Ragusa 0.9px lon/lat 3.6626,25.8797",medium,pending,restore_legitimate,"No proven defect; nearest Ragusa 0.9px lon/lat 3.6626,25.8797",proposed
e3_0118,118,L004,"[1937.29, 2828.73]","[9013.29, 2970.73]",2.7018,26.2763,Agrigento,9.5,other,396.5,52,0.5697,4,1,2,False,52,contact_other.png,keep_as_legitimate_land,"No proven defect; nearest Agrigento 9.5px lon/lat 2.7018,26.2763",medium,pending,restore_legitimate,"No proven defect; nearest Agrigento 9.5px lon/lat 2.7018,26.2763",proposed
e3_0119,119,L004,"[1919.91, 2785.61]","[8995.91, 2927.61]",2.3495,27.1287,Palermo,7.2,other,888.0,87,0.5481,6,1,2,False,87,contact_other.png,keep_as_legitimate_land,"No proven defect; nearest Palermo 7.2px lon/lat 2.3495,27.1287",medium,pending,restore_legitimate,"No proven defect; nearest Palermo 7.2px lon/lat 2.3495,27.1287",proposed
e3_0120,120,L004,"[2003.69, 2804.04]","[9079.69, 2946.04]",4.0478,26.7644,Catania,9.0,other,540.0,52,0.5806,5,5,2,False,52,contact_other.png,keep_as_legitimate_land,"No proven defect; nearest Catania 9.0px lon/lat 4.0478,26.7644",medium,pending,restore_legitimate,"No proven defect; nearest Catania 9.0px lon/lat 4.0478,26.7644",proposed
e3_0121,121,L004,"[2006.6, 2779.82]","[9082.6, 2921.82]",4.1068,27.2431,Messina,16.8,other,813.5,83,0.6149,4,5,2,False,83,contact_other.png,keep_as_legitimate_land,"No proven defect; nearest Messina 16.8px lon/lat 4.1068,27.2431",medium,pending,restore_legitimate,"No proven defect; nearest Messina 16.8px lon/lat 4.1068,27.2431",proposed
e3_0122,122,L004,"[1969.03, 2791.15]","[9045.03, 2933.15]",3.3452,27.0191,Cefalù,17.6,other,790.0,67,0.5985,6,5,2,False,67,contact_other.png,keep_as_legitimate_land,"No proven defect; nearest Cefalù 17.6px lon/lat 3.3452,27.0191",medium,pending,restore_legitimate,"No proven defect; nearest Cefalù 17.6px lon/lat 3.3452,27.0191",proposed
e3_1362,2196,L004,"[1890.68, 2791.38]","[8966.68, 2933.38]",1.7571,27.0146,Marsala,11.8,other,828.5,79,0.5613,4,4,2,False,79,contact_other.png,keep_as_legitimate_land,"No proven defect; nearest Marsala 11.8px lon/lat 1.7571,27.0146",medium,pending,restore_legitimate,"No proven defect; nearest Marsala 11.8px lon/lat 1.7571,27.0146",proposed
e3_1452,2287,L004,"[1959.59, 2833.0]","[9035.59, 2975.0]",3.1538,26.1919,Gela,5.3,other,555.0,56,0.4818,5,1,2,False,56,contact_other.png,keep_as_legitimate_land,"No proven defect; nearest Gela 5.3px lon/lat 3.1538,26.1919",medium,pending,restore_legitimate,"No proven defect; nearest Gela 5.3px lon/lat 3.1538,26.1919",proposed
e3_1453,2288,L004,"[1974.02, 2815.67]","[9050.02, 2957.67]",3.4463,26.5345,Caltanissetta,18.1,other,905.0,57,0.6338,6,4,2,False,57,contact_other.png,keep_as_legitimate_land,"No proven defect; nearest Caltanissetta 18.1px lon/lat 3.4463,26.5345",medium,pending,restore_legitimate,"No proven defect; nearest Caltanissetta 18.1px lon/lat 3.4463,26.5345",proposed
e3_1454,2289,L004,"[1943.02, 2804.12]","[9019.02, 2946.12]",2.818,26.7626,Cammarata,6.1,other,678.0,48,0.636,6,4,2,False,48,contact_other.png,keep_as_legitimate_land,"No proven defect; nearest Cammarata 6.1px lon/lat 2.818,26.7626",medium,pending,restore_legitimate,"No proven defect; nearest Cammarata 6.1px lon/lat 2.818,26.7626",proposed
e3_3346,12140,L004,"[1913.57, 2814.06]","[8989.57, 2956.06]",2.221,26.5662,Sciacca,4.7,other,387.5,49,0.4772,5,1,2,False,49,contact_other.png,keep_as_legitimate_land,"No proven defect; nearest Sciacca 4.7px lon/lat 2.221,26.5662",medium,pending,restore_legitimate,"No proven defect; nearest Sciacca 4.7px lon/lat 2.221,26.5662",proposed
e3_1440,2275,L005,"[1689.03, 2711.4]","[8765.03, 2853.4]",-2.3305,28.5956,Carbonia,4.0,other,898.5,110,0.5095,4,1,2,False,110,contact_other.png,keep_as_legitimate_land,"No proven defect; nearest Carbonia 4.0px lon/lat -2.3305,28.5956",medium,pending,restore_legitimate,"No proven defect; nearest Carbonia 4.0px lon/lat -2.3305,28.5956",proposed
e3_1441,2276,L005,"[1720.28, 2594.36]","[8796.28, 2736.36]",-1.6971,30.9091,Olbia,11.2,other,775.5,72,0.6165,4,5,2,False,72,contact_other.png,keep_as_legitimate_land,"No proven defect; nearest Olbia 11.2px lon/lat -1.6971,30.9091",medium,pending,restore_legitimate,"No proven defect; nearest Olbia 11.2px lon/lat -1.6971,30.9091",proposed
e3_1442,2277,L005,"[1684.72, 2614.14]","[8760.72, 2756.14]",-2.4178,30.5182,Sassari,2.2,other,1391.5,136,0.428,7,5,2,False,136,contact_other.png,keep_as_legitimate_land,"No proven defect; nearest Sassari 2.2px lon/lat -2.4178,30.5182",medium,pending,restore_legitimate,"No proven defect; nearest Sassari 2.2px lon/lat -2.4178,30.5182",proposed
e3_1443,2278,L005,"[1721.01, 2702.71]","[8797.01, 2844.71]",-1.6822,28.7674,Cagliari,6.0,other,881.0,76,0.6403,5,1,2,False,76,contact_other.png,keep_as_legitimate_land,"No proven defect; nearest Cagliari 6.0px lon/lat -1.6822,28.7674",medium,pending,restore_legitimate,"No proven defect; nearest Cagliari 6.0px lon/lat -1.6822,28.7674",proposed
e3_1444,2279,L005,"[1691.87, 2670.0]","[8767.87, 2812.0]",-2.2728,29.414,Oristano,5.8,other,877.5,87,0.4728,7,1,2,False,87,contact_other.png,keep_as_legitimate_land,"No proven defect; nearest Oristano 5.8px lon/lat -2.2728,29.414",medium,pending,restore_legitimate,"No proven defect; nearest Oristano 5.8px lon/lat -2.2728,29.414",proposed
e3_1445,2280,L005,"[1720.38, 2632.43]","[8796.38, 2774.43]",-1.695,30.1566,Nuoro,4.8,other,496.0,42,0.6263,4,5,2,False,42,contact_other.png,keep_as_legitimate_land,"No proven defect; nearest Nuoro 4.8px lon/lat -1.695,30.1566",medium,pending,restore_legitimate,"No proven defect; nearest Nuoro 4.8px lon/lat -1.695,30.1566",proposed
e3_1446,2281,L005,"[1733.71, 2662.98]","[8809.71, 2804.98]",-1.4249,29.5527,Tortolì,4.3,other,722.5,58,0.6316,7,1,2,False,58,contact_other.png,keep_as_legitimate_land,"No proven defect; nearest Tortolì 4.3px lon/lat -1.4249,29.5527",medium,pending,restore_legitimate,"No proven defect; nearest Tortolì 4.3px lon/lat -1.4249,29.5527",proposed
e3_1555,3013,L005,"[1708.12, 2649.85]","[8784.12, 2791.85]",-1.9436,29.8123,Macomer,12.7,other,645.5,52,0.5123,5,5,2,False,52,contact_other.png,keep_as_legitimate_land,"No proven defect; nearest Macomer 12.7px lon/lat -1.9436,29.8123",medium,pending,restore_legitimate,"No proven defect; nearest Macomer 12.7px lon/lat -1.9436,29.8123",proposed
e3_1556,3014,L005,"[1715.05, 2673.09]","[8791.05, 2815.09]",-1.8031,29.3529,Laconi,7.2,other,586.0,44,0.6782,4,5,2,False,44,contact_other.png,keep_as_legitimate_land,"No proven defect; nearest Laconi 7.2px lon/lat -1.8031,29.3529",medium,pending,restore_legitimate,"No proven defect; nearest Laconi 7.2px lon/lat -1.8031,29.3529",proposed
e3_2411,6892,L005,"[1736.44, 2620.6]","[8812.44, 2762.6]",-1.3695,30.3905,Budoni,7.2,other,758.5,75,0.5437,5,1,2,False,75,contact_other.png,keep_as_legitimate_land,"No proven defect; nearest Budoni 7.2px lon/lat -1.3695,30.3905",medium,pending,restore_legitimate,"No proven defect; nearest Budoni 7.2px lon/lat -1.3695,30.3905",proposed
e3_0266,266,L006,"[1713.11, 2559.17]","[8789.11, 2701.17]",-1.8423,31.6048,Porto Vecchio,7.2,other,463.5,54,0.515,4,5,2,False,54,contact_other.png,keep_as_legitimate_land,"No proven defect; nearest Porto Vecchio 7.2px lon/lat -1.8423,31.6048",medium,pending,restore_legitimate,"No proven defect; nearest Porto Vecchio 7.2px lon/lat -1.8423,31.6048",proposed
e3_0267,267,L006,"[1729.2, 2516.3]","[8805.2, 2658.3]",-1.5162,32.4522,Aléria,6.9,other,358.5,30,0.6506,5,4,2,False,30,contact_other.png,keep_as_legitimate_land,"No proven defect; nearest Aléria 6.9px lon/lat -1.5162,32.4522",medium,pending,restore_legitimate,"No proven defect; nearest Aléria 6.9px lon/lat -1.5162,32.4522",proposed
e3_0268,268,L006,"[1724.48, 2482.77]","[8800.48, 2624.77]",-1.6118,33.1151,Bastia,3.7,other,585.5,64,0.4807,5,5,2,False,64,contact_other.png,keep_as_legitimate_land,"No proven defect; nearest Bastia 3.7px lon/lat -1.6118,33.1151",medium,pending,restore_legitimate,"No proven defect; nearest Bastia 3.7px lon/lat -1.6118,33.1151",proposed
e3_0269,269,L006,"[1698.44, 2502.62]","[8774.44, 2644.62]",-2.1398,32.7227,Calvi,11.2,other,445.5,55,0.5132,4,4,2,False,55,contact_other.png,keep_as_legitimate_land,"No proven defect; nearest Calvi 11.2px lon/lat -2.1398,32.7227",medium,pending,restore_legitimate,"No proven defect; nearest Calvi 11.2px lon/lat -2.1398,32.7227",proposed
e3_2149,6504,L006,"[1704.62, 2540.26]","[8780.62, 2682.26]",-2.0146,31.9787,Propriano,8.8,other,385.0,39,0.5484,5,5,2,False,39,contact_other.png,keep_as_legitimate_land,"No proven defect; nearest Propriano 8.8px lon/lat -2.0146,31.9787",medium,pending,restore_legitimate,"No proven defect; nearest Propriano 8.8px lon/lat -2.0146,31.9787",proposed
e3_2279,6637,L006,"[1711.97, 2514.68]","[8787.97, 2656.68]",-1.8654,32.4841,Corte,4.4,other,521.0,38,0.6578,6,5,2,False,38,contact_other.png,keep_as_legitimate_land,"No proven defect; nearest Corte 4.4px lon/lat -1.8654,32.4841",medium,pending,restore_legitimate,"No proven defect; nearest Corte 4.4px lon/lat -1.8654,32.4841",proposed
e3_2477,7246,L006,"[1725.66, 2537.66]","[8801.66, 2679.66]",-1.588,32.03,Ventiseri,3.7,other,285.5,35,0.5598,5,4,2,False,35,contact_other.png,keep_as_legitimate_land,"No proven defect; nearest Ventiseri 3.7px lon/lat -1.588,32.03",medium,pending,restore_legitimate,"No proven defect; nearest Ventiseri 3.7px lon/lat -1.588,32.03",proposed
e3_2576,7355,L006,"[1693.88, 2524.37]","[8769.88, 2666.37]",-2.2321,32.2926,Ajaccio,7.6,other,237.0,43,0.5197,4,4,2,False,43,contact_other.png,keep_as_legitimate_land,"No proven defect; nearest Ajaccio 7.6px lon/lat -2.2321,32.2926",medium,pending,restore_legitimate,"No proven defect; nearest Ajaccio 7.6px lon/lat -2.2321,32.2926",proposed
e3_1253,1355,L007,"[2874.54, 2981.65]","[9950.54, 3123.65]",21.7001,23.2534,Limassol,1.6,other,409.0,52,0.5497,6,5,1,False,52,contact_other.png,keep_as_legitimate_land,"No proven defect; nearest Limassol 1.6px lon/lat 21.7001,23.2534",medium,pending,restore_legitimate,"No proven defect; nearest Limassol 1.6px lon/lat 21.7001,23.2534",proposed
e3_1254,1356,L007,"[2935.49, 2937.48]","[10011.49, 3079.48]",22.9356,24.1266,Bafra,10.7,other,295.5,61,0.2643,3,5,1,False,61,contact_other.png,keep_as_legitimate_land,"No proven defect; nearest Bafra 10.7px lon/lat 22.9356,24.1266",medium,pending,restore_legitimate,"No proven defect; nearest Bafra 10.7px lon/lat 22.9356,24.1266",proposed
e3_1255,1357,L007,"[2890.43, 2961.17]","[9966.43, 3103.17]",22.0222,23.6582,Nicosia,4.9,other,278.5,35,0.5285,5,5,1,False,35,contact_other.png,keep_as_legitimate_land,"No proven defect; nearest Nicosia 4.9px lon/lat 22.0222,23.6582",medium,pending,restore_legitimate,"No proven defect; nearest Nicosia 4.9px lon/lat 22.0222,23.6582",proposed
e3_1553,3011,L007,"[2878.61, 2952.67]","[9954.61, 3094.67]",21.7826,23.8262,Nicosia,14.4,other,341.0,61,0.4372,4,5,1,False,61,contact_other.png,keep_as_legitimate_land,"No proven defect; nearest Nicosia 14.4px lon/lat 21.7826,23.8262",medium,pending,restore_legitimate,"No proven defect; nearest Nicosia 14.4px lon/lat 21.7826,23.8262",proposed
e3_2417,6898,L007,"[2852.76, 2974.14]","[9928.76, 3116.14]",21.2587,23.4018,Paphos,3.4,other,301.5,42,0.5042,4,5,1,False,42,contact_other.png,keep_as_legitimate_land,"No proven defect; nearest Paphos 3.4px lon/lat 21.2587,23.4018",medium,pending,restore_legitimate,"No proven defect; nearest Paphos 3.4px lon/lat 21.2587,23.4018",proposed
e3_3426,12505,L007,"[2909.84, 2971.31]","[9985.84, 3113.31]",22.4156,23.4579,Larnaca,4.2,other,453.0,62,0.3775,4,5,1,False,62,contact_other.png,keep_as_legitimate_land,"No proven defect; nearest Larnaca 4.2px lon/lat 22.4156,23.4579",medium,pending,restore_legitimate,"No proven defect; nearest Larnaca 4.2px lon/lat 22.4156,23.4579",proposed
e3_3427,12506,L007,"[2911.93, 2955.36]","[9987.93, 3097.36]",22.458,23.7732,Lefkoniko,4.6,other,384.5,42,0.5906,6,5,1,False,42,contact_other.png,keep_as_legitimate_land,"No proven defect; nearest Lefkoniko 4.6px lon/lat 22.458,23.7732",medium,pending,restore_legitimate,"No proven defect; nearest Lefkoniko 4.6px lon/lat 22.458,23.7732",proposed
e3_3428,12507,L007,"[2864.93, 2963.53]","[9940.93, 3105.53]",21.5053,23.6115,Polis,10.9,other,358.5,43,0.5272,5,5,1,False,43,contact_other.png,keep_as_legitimate_land,"No proven defect; nearest Polis 10.9px lon/lat 21.5053,23.6115",medium,pending,restore_legitimate,"No proven defect; nearest Polis 10.9px lon/lat 21.5053,23.6115",proposed
e3_1256,1359,L008,"[2494.7, 2964.95]","[9570.7, 3106.95]",14.0008,23.5835,Matala,18.0,other,495.5,61,0.5386,5,5,2,False,61,contact_other.png,keep_as_legitimate_land,"No proven defect; nearest Matala 18.0px lon/lat 14.0008,23.5835",medium,pending,restore_legitimate,"No proven defect; nearest Matala 18.0px lon/lat 14.0008,23.5835",proposed
e3_1432,2267,L008,"[2433.92, 2935.0]","[9509.92, 3077.0]",12.7687,24.1756,Chania,6.4,other,352.0,64,0.419,4,5,2,False,64,contact_other.png,keep_as_legitimate_land,"No proven defect; nearest Chania 6.4px lon/lat 12.7687,24.1756",medium,pending,restore_legitimate,"No proven defect; nearest Chania 6.4px lon/lat 12.7687,24.1756",proposed
e3_1433,2268,L008,"[2470.84, 2956.32]","[9546.84, 3098.32]",13.517,23.7542,Plakias,8.0,other,283.5,44,0.4725,4,5,2,False,44,contact_other.png,keep_as_legitimate_land,"No proven defect; nearest Plakias 8.0px lon/lat 13.517,23.7542",medium,pending,restore_legitimate,"No proven defect; nearest Plakias 8.0px lon/lat 13.517,23.7542",proposed
e3_1551,3009,L008,"[2513.06, 2949.65]","[9589.06, 3091.65]",14.3728,23.886,Agios Nikolaos,9.2,other,325.0,51,0.5623,4,5,2,False,51,contact_other.png,keep_as_legitimate_land,"No proven defect; nearest Agios Nikolaos 9.2px lon/lat 14.3728,23.886",medium,pending,restore_legitimate,"No proven defect; nearest Agios Nikolaos 9.2px lon/lat 14.3728,23.886",proposed
e3_2371,6840,L008,"[2475.36, 2947.21]","[9551.36, 3089.21]",13.6087,23.9342,Plakias,14.6,other,498.5,61,0.5652,6,5,2,False,61,contact_other.png,keep_as_legitimate_land,"No proven defect; nearest Plakias 14.6px lon/lat 13.6087,23.9342",medium,pending,restore_legitimate,"No proven defect; nearest Plakias 14.6px lon/lat 13.6087,23.9342",proposed
e3_3424,12503,L008,"[2431.45, 2948.82]","[9507.45, 3090.82]",12.7185,23.9025,Palaiochora,5.6,other,366.0,38,0.5351,4,4,2,False,38,contact_other.png,keep_as_legitimate_land,"No proven defect; nearest Palaiochora 5.6px lon/lat 12.7185,23.9025",medium,pending,restore_legitimate,"No proven defect; nearest Palaiochora 5.6px lon/lat 12.7185,23.9025",proposed
e3_3425,12504,L008,"[2539.34, 2957.69]","[9615.34, 3099.69]",14.9055,23.727,Sitia,2.4,other,367.0,59,0.514,4,4,2,False,59,contact_other.png,keep_as_legitimate_land,"No proven defect; nearest Sitia 2.4px lon/lat 14.9055,23.727",medium,pending,restore_legitimate,"No proven defect; nearest Sitia 2.4px lon/lat 14.9055,23.727",proposed
e3_1436,2271,L009,"[1415.75, 2694.53]","[8491.75, 2836.53]",-7.8698,28.9291,Manacor,9.2,other,467.5,53,0.5903,4,5,2,False,53,contact_other.png,unresolved,Previously proposed for exclusion via component L009 (unexplained); geographic identity not yet proven — nearest Manacor 9.2px,low,pending,unresolved,Previously proposed for exclusion via component L009 (unexplained); geographic identity not yet proven — nearest Manacor 9.2px,proposed
e3_1437,2272,L009,"[1397.83, 2683.13]","[8473.83, 2825.13]",-8.2331,29.1544,Palma,2.4,other,377.0,54,0.4833,5,5,2,False,54,contact_other.png,unresolved,Previously proposed for exclusion via component L009 (unexplained); geographic identity not yet proven — nearest Palma 2.4px,low,pending,unresolved,Previously proposed for exclusion via component L009 (unexplained); geographic identity not yet proven — nearest Palma 2.4px,proposed
e3_1438,2273,L009,"[1466.17, 2663.45]","[8542.17, 2805.45]",-6.8479,29.5435,Mahón,8.0,other,325.0,47,0.6448,4,5,2,False,47,contact_other.png,unresolved,Previously proposed for exclusion via component L009 (unexplained); geographic identity not yet proven — nearest Mahón 8.0px,low,pending,unresolved,Previously proposed for exclusion via component L009 (unexplained); geographic identity not yet proven — nearest Mahón 8.0px,proposed
e3_1439,2274,L009,"[1339.5, 2730.5]","[8415.5, 2872.5]",-9.4155,28.218,Ibiza,6.5,other,891.0,4,1.0,2,5,2,False,4,contact_other.png,unresolved,4-vertex rectangle near Ibiza (6.5px) — may be simplified real island or marker; requires contact-sheet visual proof before exclude,low,pending,unresolved,4-vertex ring rectangularity=1.000 area=891.0; nearest city Ibiza 6.5px; inspect source ring + neighbors,proposed
e3_2219,6574,L009,"[1421.41, 2673.66]","[8497.41, 2815.66]",-7.7553,29.3416,Alcúdia,3.9,other,477.5,74,0.5457,5,5,2,False,74,contact_other.png,unresolved,Previously proposed for exclusion via component L009 (unexplained); geographic identity not yet proven — nearest Alcúdia 3.9px,low,pending,unresolved,Previously proposed for exclusion via component L009 (unexplained); geographic identity not yet proven — nearest Alcúdia 3.9px,proposed
e3_1028,1051,L010,"[2190.21, 1313.25]","[9266.21, 1455.25]",7.8285,56.2335,Visby,33.3,other,720.0,155,0.1698,4,4,2,False,155,contact_other.png,keep_as_legitimate_land,"No proven defect; nearest Visby 33.3px lon/lat 7.8285,56.2335",medium,pending,restore_legitimate,"No proven defect; nearest Visby 33.3px lon/lat 7.8285,56.2335",proposed
e3_2277,6635,L010,"[2178.92, 1350.44]","[9254.92, 1492.44]",7.5997,55.4982,Gurfiles,4.2,other,603.0,61,0.5216,4,4,2,False,61,contact_other.png,keep_as_legitimate_land,"No proven defect; nearest Gurfiles 4.2px lon/lat 7.5997,55.4982",medium,pending,restore_legitimate,"No proven defect; nearest Gurfiles 4.2px lon/lat 7.5997,55.4982",proposed
e3_2278,6636,L010,"[2163.51, 1374.58]","[9239.51, 1516.58]",7.2874,55.021,Hemse,3.6,other,744.5,115,0.4071,5,4,2,False,115,contact_other.png,keep_as_legitimate_land,"No proven defect; nearest Hemse 3.6px lon/lat 7.2874,55.021",medium,pending,restore_legitimate,"No proven defect; nearest Hemse 3.6px lon/lat 7.2874,55.021",proposed
e3_0258,258,L011,"[1165.0, 2027.5]","[8241.0, 2169.5]",-12.9527,42.1145,St Helier,2.7,other,418.0,4,1.0,1,1,2,False,4,contact_other.png,unresolved,4-vertex rectangle near St Helier (2.7px) — may be simplified real island or marker; requires contact-sheet visual proof before exclude,low,pending,unresolved,4-vertex ring rectangularity=1.000 area=418.0; nearest city St Helier 2.7px; inspect source ring + neighbors,proposed
e3_0259,259,L012,"[1143.0, 2008.0]","[8219.0, 2150.0]",-13.3986,42.5,Les Martins,3.6,other,360.0,4,1.0,1,1,2,False,4,contact_other.png,unresolved,4-vertex rectangle near Les Martins (3.6px) — may be simplified real island or marker; requires contact-sheet visual proof before exclude,low,pending,unresolved,4-vertex ring rectangularity=1.000 area=360.0; nearest city Les Martins 3.6px; inspect source ring + neighbors,proposed
e3_0270,270,L013,"[1969.5, 2912.5]","[9045.5, 3054.5]",3.3547,24.6203,Valletta,4.7,other,1287.0,4,1.0,1,1,2,False,4,contact_other.png,unresolved,4-vertex rectangle near Valletta (4.7px) — may be simplified real island or marker; requires contact-sheet visual proof before exclude,low,pending,unresolved,4-vertex ring rectangularity=1.000 area=1287.0; nearest city Valletta 4.7px; inspect source ring + neighbors,proposed
e3_0882,882,L014,"[1049.97, 1631.61]","[8125.97, 1773.61]",-15.2844,49.9402,Douglas,3.3,other,406.5,70,0.4302,1,1,2,False,70,contact_other.png,unresolved,Previously proposed for exclusion via component L014 (malformed_source_or_marker_polygon); geographic identity not yet proven — nearest Douglas 3.3px,low,pending,unresolved,Previously proposed for exclusion via component L014 (malformed_source_or_marker_polygon); geographic identity not yet proven — nearest Douglas 3.3px,proposed
e3_0913,913,L015,"[1211.72, 1083.93]","[8287.72, 1225.93]",-12.0056,60.7665,Brae,7.1,other,707.5,256,0.2808,1,5,2,False,256,contact_other.png,unresolved,Previously proposed for exclusion via component L015 (malformed_source_or_marker_polygon); geographic identity not yet proven — nearest Brae 7.1px,low,pending,unresolved,Previously proposed for exclusion via component L015 (malformed_source_or_marker_polygon); geographic identity not yet proven — nearest Brae 7.1px,proposed
e3_0969,992,L016,"[1996.62, 1555.74]","[9072.62, 1697.74]",3.9044,51.4399,Rønne,8.9,central_europe_inland,414.5,47,0.5686,3,1,2,False,47,contact_central_europe_inland.png,unresolved,Previously proposed for exclusion via component L016 (malformed_source_or_marker_polygon); geographic identity not yet proven — nearest Rønne 8.9px,low,pending,unresolved,Previously proposed for exclusion via component L016 (malformed_source_or_marker_polygon); geographic identity not yet proven — nearest Rønne 8.9px,proposed
e3_1033,1056,L017,"[2246.98, 1103.08]","[9322.98, 1245.08]",8.9794,60.388,Mariehamn,7.2,other,629.0,194,0.3455,3,1,2,False,194,contact_other.png,unresolved,Previously proposed for exclusion via component L017 (malformed_source_or_marker_polygon); geographic identity not yet proven — nearest Mariehamn 7.2px,low,pending,unresolved,Previously proposed for exclusion via component L017 (malformed_source_or_marker_polygon); geographic identity not yet proven — nearest Mariehamn 7.2px,proposed
e3_1130,1154,L018,"[2516.73, 2630.87]","[9592.73, 2772.87]",14.4473,30.1875,Samothrace,3.3,central_mediterranean,71.0,15,0.6827,1,5,2,False,15,contact_central_mediterranean.png,unresolved,Previously proposed for exclusion via component L018 (malformed_source_or_marker_polygon); geographic identity not yet proven — nearest Samothrace 3.3px,low,pending,unresolved,Previously proposed for exclusion via component L018 (malformed_source_or_marker_polygon); geographic identity not yet proven — nearest Samothrace 3.3px,proposed
e3_1650,3132,L019,"[1992.82, 2350.45]","[9068.82, 2492.45]",3.8274,35.7306,Mali Losinj,20.1,western_mediterranean,1537.0,22,0.4803,1,4,2,False,22,contact_western_mediterranean.png,unresolved,Previously proposed for exclusion via component L019 (unexplained); geographic identity not yet proven — nearest Mali Losinj 20.1px,low,pending,unresolved,Previously proposed for exclusion via component L019 (unexplained); geographic identity not yet proven — nearest Mali Losinj 20.1px,proposed
e3_1738,3220,L020,"[2492.5, 2678.04]","[9568.5, 2820.04]",13.9561,29.2551,Myrina,12.1,other,465.0,28,0.4551,3,5,2,False,28,contact_other.png,unresolved,Previously proposed for exclusion via component L020 (malformed_source_or_marker_polygon); geographic identity not yet proven — nearest Myrina 12.1px,low,pending,unresolved,Previously proposed for exclusion via component L020 (malformed_source_or_marker_polygon); geographic identity not yet proven — nearest Myrina 12.1px,proposed
e3_1978,4693,L021,"[1854.0, 2859.5]","[8930.0, 3001.5]",1.0135,25.668,Pantelleria,3.2,other,506.0,4,1.0,1,1,2,False,4,contact_other.png,unresolved,4-vertex rectangle near Pantelleria (3.2px) — may be simplified real island or marker; requires contact-sheet visual proof before exclude,low,pending,unresolved,4-vertex ring rectangularity=1.000 area=506.0; nearest city Pantelleria 3.2px; inspect source ring + neighbors,proposed
e3_2888,11031,L022,"[4031.75, 2179.85]","[11107.75, 2321.85]",45.1571,39.103,Kulakshi,49.2,eastern_boundary_caspian,9070.5,160,0.5873,0,9,2,False,160,contact_eastern_boundary_caspian.png,exclude_as_crop_spill,"Eastern detached land local_x=4032/4306 neighbors=0; lon/lat 45.1571,39.103; nearest Kulakshi 49.2px",high,pending,high_confidence_exclude,"Eastern detached land local_x=4032/4306 neighbors=0; lon/lat 45.1571,39.103; nearest Kulakshi 49.2px",proposed
